z1,z2,z3,z4,z5,z6,z7,z8,f1,f2,f3,f4,f5,f6,AE1_latent_0,AE1_latent_1,AE1_latent_2,AE1_latent_3,AE1_latent_4,AE1_latent_5,AE1_latent_6,AE1_latent_7
5.507979026,0.685499183,5.280051952,2.510925372,3.029459472,2.811856248,6.170216233,8.801132759,197.6071034,178.9636,-2.805894865,2.52426935,94.07226946,-0.926765388,-0.7430532,1.5153292,0.5898499,0.6351015,-0.29489928,1.5604497,-0.45388392,0.12513193
7.081478226,0.764962823,6.733596406,2.37825622,1.940245024,3.35422457,7.844312336,1.34081802,180.0763274,202.4799199,102.8916388,-86.41923341,99.75716317,0.943460243,-0.089612044,0.26900142,-0.45728368,-0.5092596,1.4091837,2.1498559,-0.94956565,0.2961458
2.909047389,5.38792658,7.453658451,2.677671825,9.683566279,3.175543223,3.461612943,2.483986611,222.2277445,117.0378887,-29.69393485,52.37234941,90.48601194,-0.680258559,0.58103895,-1.4103693,0.20061362,-0.5266311,-1.208942,0.07940507,-1.1888459,0.46805984
5.108276052,0.755664045,7.29973742,2.631899264,0.794502973,5.6551063,1.026451283,8.800815358,197.9979879,169.4650559,123.9275631,-44.91648487,111.6185305,0.99810269,-1.3094585,1.2599185,-0.19354025,1.9504528,0.001801734,0.57715684,-0.8273994,1.3611529
8.929469543,1.83772318,4.241159003,9.727154867,7.85492459,6.554340203,3.612270728,5.266983866,341.166459,230.1510472,-140.4049903,3.307183761,108.5549249,-0.855042644,1.1716567,1.0028126,-1.5903367,0.1971337,-0.6084978,-0.009175349,1.4106375,0.23202378
8.962930889,4.363570842,4.559523311,7.911612519,9.472829243,8.448146224,7.880882362,4.117323634,422.9240753,232.2305865,-271.1384416,-7.465816615,94.13760089,0.710376173,2.2937589,0.45664966,-0.63385177,-0.09634712,0.181457,-0.17203754,1.0702602,-0.69938034
1.255853105,4.97782831,8.735071015,8.909107316,7.180685134,3.798983453,4.695309499,3.007269104,279.1137135,34.69464921,-345.8440172,123.2424331,22.80169466,0.987057004,-0.2237852,-1.6158108,-1.2241722,0.23755293,-1.0142946,0.004995074,-0.10053612,-0.98410213
2.072428781,5.833119152,3.627879226,7.13502895,5.744431269,9.379950355,0.201444581,2.173279987,228.136071,81.05014276,51.15738586,9.493080647,92.45917006,0.926629948,-0.2668478,-0.34452155,-1.2673366,0.03298506,0.02188969,-2.369304,-0.3866602,0.43085766
0.514672033,6.205126814,7.38032831,3.466617384,3.68953475,3.810670301,6.986054212,1.773744087,185.3401645,-56.19485375,37.33722407,60.38957786,56.71802816,-0.969084612,-0.8763465,-1.490341,0.21746843,-0.32994926,0.5113508,0.27873275,-1.2827874,-0.8119283
4.408098437,3.728114996,9.940672317,9.418534224,2.95525094,4.233452556,2.656199472,4.513492538,274.9385655,159.2101262,-85.3729641,-92.3665533,64.10229356,0.643437655,-0.8574776,-1.0169024,-1.6595601,1.3648684,-0.21137719,0.5828403,0.55300444,0.039870784
0.298762109,6.18736583,9.248083835,4.844551495,0.670960513,4.142616424,5.492183989,5.002426266,220.1693009,-110.8504524,72.59601753,138.2397349,80.03865023,-0.495579955,-1.8256781,-1.3152572,0.08842987,1.159968,0.5258614,0.32739496,-0.8009405,-0.7131298
4.568332244,1.572446584,5.492368678,1.854349398,3.788741937,7.646616511,4.257513645,0.856533712,148.6323551,159.3484675,67.79302418,-51.55159708,81.05556244,-0.112873031,0.18796565,0.33606634,-0.75581473,-0.25503808,1.11821,0.04650063,-1.7860323,0.71048546
6.491440476,2.755084754,3.051113869,7.294992196,5.029234253,7.377909134,1.963466475,7.341111482,249.7293572,197.4465488,-4.32490735,-34.16561544,102.1713458,-0.812572469,-0.061753817,1.4294081,-0.77180946,0.698204,-0.36353418,-0.766072,0.7560482,0.55165493
2.784872826,7.987182706,6.223126359,2.593050949,2.48805917,4.223454843,3.948438415,0.903019628,157.4354387,110.9026321,57.74053942,-98.01373692,57.01621834,0.370696624,-1.0499846,-1.5926679,0.38289812,-0.4594035,1.0179387,-0.22403313,-0.8414715,0.5295058
6.76254902,1.530893007,6.843016682,8.227854123,9.696163713,3.426399195,2.674288551,1.406708564,277.4866139,200.4247707,-302.0352197,-32.61795547,35.81455234,0.989833247,1.1177453,-0.5222241,-1.9119987,-0.62734854,-1.24172,0.64708227,0.24937436,0.5767532
5.908628174,2.233229729,5.269622549,7.404789155,9.985466075,0.824605998,5.383622227,8.899937881,331.0808165,188.0865898,-124.4572426,88.78053639,120.872675,0.915183874,0.49245217,0.61652565,-0.003939217,0.005972718,-2.4115357,1.1454511,0.97969186,-0.406054
0.239818824,2.429781797,3.414766308,2.902003159,2.894810934,2.538037742,1.497545762,3.748708743,57.1606304,-135.8862923,13.06041999,16.90036142,-12.19122012,0.4916372,-2.0041773,0.2612009,-0.25449187,-0.660601,-0.5642802,-0.15709849,-1.4758509,0.64620835
5.58854088,4.795073048,4.554265713,4.596428554,6.002520562,0.755257551,9.976496239,1.298005616,233.9089692,180.7532997,44.88089606,62.83513209,130.5945743,0.650311783,0.21810552,-0.65719193,0.31715527,-1.7698917,0.32461146,1.6467297,0.100483246,-0.8566469
2.592524469,0.00745522,0.81790743,7.150973217,8.827860338,3.325955384,8.289642515,3.924035486,231.6359541,98.9924086,71.77509916,-19.48061877,95.73071077,-0.039237888,0.3296243,1.3736414,-0.80881095,-1.7796179,-1.1799059,0.36461163,-0.29663932,-1.5456083
4.15101197,0.303113605,2.91282205,6.680154645,5.837096756,1.893913807,7.284947896,1.700002951,164.0508605,149.0291505,24.50053304,17.20245143,88.69574888,-0.940531433,-0.21151572,0.61532694,-1.1370063,-1.6928792,-0.33037168,1.1803976,-0.25037608,-0.7251217
2.835250818,4.615481516,1.44896755,5.265784642,3.518651082,6.458065118,2.509106976,1.195784672,120.982341,111.9966751,48.58664349,47.18147424,82.18678345,-0.650962562,-0.88519216,0.22050129,-0.7641491,-1.0822227,0.6167195,-1.2406292,-0.5091481,0.41063353
6.931379183,1.625206849,6.664807308,2.141429224,8.458700138,7.462677238,9.532041691,9.828021237,414.3816701,205.4348369,-427.9844246,-11.06705015,45.19125804,0.987373572,1.7915189,1.5413316,1.0324676,1.245006,-0.40990442,0.93385434,-0.5745466,-0.8209626
4.404537177,6.795018038,9.592341415,3.243929978,5.287274455,4.885125355,9.734339973,0.850554417,315.4088518,158.9827497,50.58071263,13.05209807,134.506103,-0.921512009,0.70573354,-1.8748292,0.34489122,-0.10515015,1.1592548,1.0481331,-0.8376558,-0.8939678
1.568677385,7.952045872,1.572346831,6.947930845,6.192721198,4.825381318,1.175829603,7.440417135,234.818283,55.05389108,100.0015243,-73.15344124,79.18006427,0.980300462,-1.1968597,0.03089699,0.43306252,-0.09011316,-1.2708713,-1.9137613,0.70856243,0.028682958
5.44649018,5.781633587,0.282940719,4.569830827,7.569408526,3.445593591,2.520083052,4.503456405,179.8549503,177.1991325,67.98421874,45.47883018,117.6292829,0.005282769,-0.12042349,0.49609262,0.43969584,-1.3976657,-0.83069026,-0.76933444,0.48744,0.7931328
7.803147645,6.947649772,7.413571692,7.178601514,2.882797216,9.591301018,1.327522336,2.299217992,323.0046094,215.801041,31.88255303,6.949951322,144.4095387,-0.965861676,0.2764099,-0.83307016,-1.1809813,1.1606867,1.4253042,-1.0218563,0.68428993,1.1484349
3.063635324,3.909580157,3.541644898,6.8411602,6.861926011,9.933667591,2.940404615,8.799711532,315.8600826,123.9863852,-131.3830968,-73.96470447,58.62466663,0.841273262,0.22205982,1.2622162,-0.33478466,1.2465122,-0.75642973,-1.8224887,0.033883736,-0.41193432
2.219578839,0.46296203,5.059662766,3.556516703,2.665311008,6.42308172,7.91322516,5.211930579,181.5330768,88.41142234,-133.3920737,-63.87100396,18.17035537,0.979597575,-0.5682914,1.1703014,-0.30868465,0.29146424,0.6121329,0.57060796,-1.4121367,-0.99389994
3.879712576,4.394215326,0.610480752,0.990981572,6.524586796,8.462098191,9.840466967,0.469900787,246.9489648,142.0962726,169.7760594,-118.6852989,110.0339995,-0.971528998,1.0761994,0.74447274,0.63935006,-1.858098,1.4721898,-0.6406343,-1.5126213,-0.86761475
9.363836499,3.719803122,1.777649467,6.807863684,2.566087578,3.756499063,5.313338878,3.825761737,214.5895284,232.7703978,37.51099989,3.203180453,122.0185266,0.999969905,-0.31465816,1.0033246,-0.45221815,-0.8246074,0.9077305,0.7122151,1.435786,0.5471507
9.759954225,5.970032422,6.955062919,3.55583347,7.962406478,5.87835005,4.216001509,6.134701919,345.2789981,239.9224388,-120.2112569,78.93018889,135.9800922,0.999245135,1.4883586,-0.14153679,0.6116849,0.69669574,-0.15292035,0.35745072,0.6207441,1.063813
6.723836759,1.342181697,6.052106196,5.649648057,3.473226719,3.693552303,7.431060241,4.251154385,214.5565474,200.3967217,-38.93165513,58.98532278,108.7517342,-0.9632929,-0.043686062,0.5757768,-0.6284331,-0.018894257,0.4890928,1.5711204,0.082914405,-0.29635435
9.028341085,2.277128967,8.534112224,1.249951765,9.604254083,9.490353589,8.626644823,2.985257379,426.7289802,230.9879793,38.75806002,29.16733403,181.4105884,0.255296024,3.0565975,0.21322271,0.057590436,0.49068576,0.7524661,0.80092376,-1.2251786,0.086887196
8.457508713,8.147824165,9.629232135,1.460212406,1.733811034,6.077467613,5.111109365,3.281350874,309.6032398,223.4211832,45.47671827,-48.8502276,132.4127284,0.797606451,0.15952261,-1.3559325,0.8472819,1.0959895,1.8797057,0.76269597,-0.12808618,1.1859436
3.779940413,2.643255266,3.596150991,4.238390355,7.143271462,8.941120144,4.899770457,3.02788661,216.3168071,143.5207684,-45.19286318,76.9572482,97.90049015,0.945144345,0.82143563,0.70449054,-0.62377816,-0.27842158,0.18542166,-0.94992876,-1.0648264,-0.16271439
0.922170089,4.103202049,6.202485067,6.693788352,8.549742069,6.180136151,4.047211128,4.756557541,251.2612181,3.960131878,-230.2482385,-14.84288951,2.532555492,0.863077985,0.19333512,-0.45064288,-0.6794201,0.24459219,-1.2344611,-0.86032885,-0.68779784,-0.76001203
6.534109025,9.359721765,4.476774122,1.174646798,8.712571625,0.847695274,4.401997032,9.974543042,347.2168523,197.3815131,141.8652641,-51.55689857,158.7266827,0.250071716,0.13048245,-0.35774657,2.7841897,0.04563135,-1.555784,0.30899417,0.7715723,0.7934019
5.578407624,2.75552463,5.055969627,7.744471841,5.200251937,3.083100991,4.379395288,9.204160158,264.6950198,183.0427023,-93.94361523,75.58777707,107.345471,-0.674749955,-0.548517,0.9177485,-0.23541021,0.77629185,-1.1571867,0.6180094,1.0493466,-0.21957077
3.615647631,1.452899589,3.915017586,8.513640789,5.493611143,5.931125378,1.157445772,5.392012004,198.764753,137.7220839,-31.86536444,48.0753162,88.17419715,-0.943523047,-0.56080747,0.8531257,-1.61439,0.28824443,-0.9432169,-0.69237125,0.16934486,0.24882123
2.250545048,7.020201293,9.773942269,6.726228796,2.942109035,9.156078393,9.34527135,8.883961705,453.8689298,94.96443219,-531.3144867,104.2434893,30.44059116,0.959468561,-0.1253632,-0.51088923,0.46007738,2.5052938,0.781388,-0.27772686,0.065799795,-2.0774963
4.065199164,5.670665504,6.236378175,7.496090292,8.566285196,6.56748865,5.203738391,1.618645804,289.9781306,151.9872942,-211.9052453,2.524601686,58.1461953,0.857695099,0.96293956,-1.0518844,-0.9355784,-0.35803983,-0.25317642,-0.62136877,0.010904234,-0.5436553
4.689402487,6.115938355,1.418854275,2.38480279,7.622821675,3.543225903,6.887118079,6.299800683,224.8773736,164.6267365,-12.00767865,-12.0613697,91.35876545,-0.457175313,0.20822738,0.5897641,1.5519501,-1.0551155,-0.5385357,-0.12199204,-0.012905716,-0.2531519
2.692355783,0.42030851,6.977284414,1.002670096,5.133644205,6.578651141,4.543440997,8.144895017,213.7284086,107.2509381,-67.89794401,81.3412388,83.60566039,0.950922182,-0.1298203,1.1811514,0.3244255,1.2870741,-0.54472053,0.36674502,-1.8939565,0.14809953
2.917927742,4.172668948,9.657562573,3.291296585,5.029823616,6.32601952,7.805596853,2.625728892,263.1660595,118.4552031,-50.71669893,68.49290474,99.84936712,-0.499528372,0.4039514,-1.0484064,-0.15956499,0.5994849,0.6642151,0.6612877,-1.4278659,-0.75036013
4.576863993,0.042664342,8.948493867,1.255417841,9.194595768,9.720578579,2.231355756,5.600934683,317.9807778,158.3843704,92.81258273,7.057664842,144.0588489,0.998350117,1.6341685,0.62470466,-0.59531754,1.4946449,-0.7786438,-0.29574013,-2.2322826,0.9358689
8.605339129,2.465354689,5.580040834,4.164898957,5.608895425,6.073268957,8.466380663,5.180073931,295.4701455,226.595681,-143.6649132,4.980734337,95.8454119,-0.583335883,1.1619022,0.87769413,0.06553853,0.17362785,0.67830557,1.1451836,0.14782055,-0.23470469
5.862529045,7.060561836,0.147147837,7.611243506,0.938468816,0.080739252,9.586179563,1.072760279,236.1063562,178.6764639,151.4394981,-15.2880145,137.7335759,-0.094968959,-1.4695174,-0.21183768,0.20493445,-2.4180117,1.4065417,1.0265373,1.6181085,-0.9983522
2.834878624,0.615407159,8.055463318,2.810970702,1.081743031,9.870981632,1.304487307,9.723155607,276.0551968,111.7428148,122.8704577,-22.75599913,121.9781175,0.668324325,-0.99418163,1.4772829,-0.40964153,2.8719847,0.208289,-0.51225233,-1.5143343,0.6911801
2.779775066,2.946934986,9.3186134,8.558444798,7.666165146,1.457240155,4.373540888,3.700510404,270.2103823,112.8941038,-381.1561411,-71.81677163,-17.46710663,0.748472573,-0.16417341,-1.3012357,-1.3154749,0.15927497,-1.5533029,1.019387,0.007093404,-0.54562944
4.546220755,9.881127528,7.33928982,4.529846772,5.258312345,3.610534231,0.409307951,5.678431742,265.7874174,161.0112388,-7.264965902,131.9279538,137.865411,0.278303144,-0.75178874,-1.6836908,0.75612104,0.745199,-0.5850015,-0.7016132,0.5201065,1.2268776
2.054103446,9.712222302,4.289531273,1.619052189,5.563612685,9.646537475,7.756884738,0.231352621,303.8002678,80.76296611,207.9498573,111.0722477,175.8963347,-0.933997886,0.60677874,-1.2656558,0.9653096,-0.7211339,1.7282047,-1.6314957,-1.3350165,-0.7182512
2.01378711,4.818463887,3.808411084,6.422800168,4.32921695,6.723533806,5.230746974,5.198405351,201.3614481,81.44513639,-106.7640502,-37.72464302,34.5794728,0.926235628,-0.6362871,0.2751847,-0.2864277,0.13923003,0.068880446,-0.8629029,-0.17496008,-0.79774964
5.140350598,7.356933865,7.446047637,4.385240895,0.226983826,6.824008127,0.322674426,4.432419918,221.590717,169.9891046,128.7847493,152.6233077,168.2469696,-0.983969751,-1.3155211,-0.8384201,-0.15904996,1.3691475,1.1218005,-0.6905019,0.015539793,1.4422702
0.872293688,6.326557742,1.078510971,3.30229519,8.032371632,4.339298443,9.062269653,8.774237127,295.315042,-2.62082405,-89.36713543,-111.0230269,23.07601391,0.993936912,-0.17238845,0.829029,1.8936849,-0.6603751,-1.0328668,-0.6436177,-0.29494295,-1.7347796
4.835855324,4.656930714,7.846958473,5.163852631,3.815417068,4.006980413,9.240827042,0.676214907,249.7760821,167.4054421,25.09408757,9.151577807,112.8567974,0.374953321,0.15120064,-1.1288253,-0.41348857,-0.4686976,1.1660671,1.2978288,-0.39831343,-0.88740885
3.621762124,8.570664326,4.988052184,9.910724319,4.641936776,3.031955073,2.802455686,8.823993298,326.1335132,140.5973863,-40.40018421,-24.9695018,100.3403034,0.755673762,-1.3232085,-0.6074941,0.15503033,0.83951485,-1.1343238,-0.7073187,1.9600631,-0.42043445
7.076866218,1.725182522,0.701190131,7.518830936,4.407099093,7.612485219,7.402960626,1.925995006,245.9685129,204.0612149,89.77663093,32.07223814,142.9696492,0.524179061,0.5473749,1.5023011,-1.2446431,-1.1602811,1.1750036,-0.1403294,0.49182042,-0.5855463
7.467462231,8.284319222,8.230452141,2.935579447,1.337040842,3.641620165,0.738352743,8.432659389,287.4548911,209.7662977,108.7510335,-134.7376498,117.8086431,0.280375456,-1.2019641,-0.6933846,1.1540077,1.7953779,0.25261933,0.32041174,0.7610682,1.8381969
6.910929219,0.420695235,3.917074773,9.274398119,9.63216886,1.240556617,6.545240937,7.641758349,344.8501696,202.4302011,-72.9360777,-78.62210303,98.9305475,-0.452380058,0.7031909,1.1830994,-0.78752345,-0.47736138,-2.0591335,1.3569236,1.3305252,-0.76262194
6.891804138,8.669536918,1.067649357,1.841657382,9.59413653,2.031321196,3.143629659,6.033209969,269.6451632,201.7817264,92.756847,78.86461648,160.7620883,-0.384525074,0.45317394,-0.07214037,1.9457136,-1.3539125,-1.1901544,-0.49331766,0.6595947,1.1807421
3.736001241,6.759965875,1.737984442,4.081420684,0.097748632,1.439063704,0.245463463,3.580514918,94.29422715,133.5813104,41.82559839,87.84458025,89.38642905,-0.982649774,-2.5946763,-0.18737318,0.29356852,-0.8874473,0.35348773,-0.35583338,0.29552945,1.4842075
6.681348047,4.459141099,8.594326158,3.725944582,0.545668074,8.976623397,3.045213508,4.545115262,263.0783755,199.1098594,61.77478884,-22.76867748,125.2985866,0.657312463,-0.300067,-0.07499186,-0.4771751,1.7921376,1.6671424,-0.037045296,-0.45144123,0.9962659
3.39848664,6.715702476,1.727417995,9.856966947,3.861767211,2.679259229,5.37120426,6.705662712,252.7015651,132.9929471,44.8002336,-174.9223211,63.8931062,0.176564954,-1.4066664,0.19370316,-0.086799145,-0.47115746,-0.52908725,-0.44114345,1.7449316,-1.0123178
5.727938699,4.603685039,7.842504655,0.045183682,9.817819769,2.311957721,0.344684529,3.763647085,231.5286988,178.4075253,172.3112357,80.24205134,165.6223778,-0.998628957,0.72307914,-1.0130004,0.612434,-0.18303734,-1.5151429,0.471578,-1.2603621,2.1050494
3.258071581,7.800032224,8.041161003,6.492655926,4.817976524,6.550774805,8.790437485,0.647297547,322.086718,129.3135737,-17.55279186,39.7124036,118.3899759,-0.998752954,0.36509052,-1.8364924,-0.3276907,-0.09441266,1.2172047,-0.045986053,-0.18012564,-1.3429784
4.451450493,1.134440839,0.865181456,5.086612718,9.226627028,3.00778189,4.175619944,7.05928375,209.1712226,157.6378385,69.80642723,-116.4610514,80.03860924,0.99996604,0.20367919,1.6464566,0.006216323,-1.0079073,-1.8464868,0.022113446,-0.017104866,0.001615273
0.615289308,5.081574288,4.35386578,1.559344256,3.416970707,8.038311941,5.116304236,7.105124788,200.5381949,-38.11909737,-121.1220512,12.36032263,13.41434224,0.997002368,-0.8392977,0.5989444,0.9676676,0.785306,0.3253905,-1.0708892,-1.4961697,-0.41704774
2.426754222,8.714895399,7.871589734,6.416781384,4.953327301,6.868622165,9.669500922,2.845596612,358.2856361,101.5844482,-123.1996508,109.3195791,111.4975032,0.989512198,0.2558073,-1.6689267,0.24825418,0.304749,1.0027989,-0.27025324,-0.038586557,-1.814389
9.716026062,9.275292758,4.900608812,8.078581768,8.288087317,5.89468474,9.292542644,2.159587194,464.1665335,240.1715989,-162.4914228,86.76073042,157.15186,0.123895039,1.8967315,-1.085879,0.1905564,-0.7721575,0.8541634,0.103803135,1.9506398,-0.7793154
2.305842044,2.203363315,8.660158187,7.669816524,6.586184617,4.76408326,7.187278228,8.990339295,342.5536288,96.14514529,-412.9103213,-21.39738777,1.09776626,0.846890606,-0.03149192,0.2026023,-0.4142788,1.4993908,-1.2723532,0.6915093,-0.06091003,-1.5595857
6.914775109,2.519303026,3.7972125,0.776254149,3.065531046,3.764662411,7.262154741,3.501035427,157.7487,201.0526328,18.15513547,-68.20503569,77.18785816,0.774349737,-0.09176063,0.84405315,0.6466482,-0.76109767,1.0454024,1.3146652,-0.7857071,0.49321598
6.504768582,9.040124716,6.283144188,7.950994324,4.566466712,4.409755746,8.375852779,0.728419322,337.7161493,198.1774276,-34.92428622,62.52294606,140.8730592,-0.53779615,0.3250618,-1.7460543,-0.1929027,-0.6740898,1.2383666,0.331708,1.2378646,-0.8341334
7.239391394,3.455173387,2.13520265,3.459072979,6.241113498,7.070023905,6.346080269,8.666567879,285.1901564,208.9874816,-199.7746748,-4.22225389,72.54517735,0.658720405,0.6880936,1.8615693,0.87117827,0.30134514,-0.05034127,-0.15533838,0.30089828,-0.021946333
4.750886106,0.56872574,8.422563841,8.525967636,4.008847379,0.590160842,6.068935763,2.36678959,225.3788949,163.0686501,-76.37937692,126.5865356,109.6636759,-0.993153257,-0.6407076,-0.5655509,-1.7481959,-0.23901837,-0.4018482,2.1085825,0.15051806,-0.47679725
5.966637746,7.148866721,8.393572864,5.620952938,1.982484101,2.315049006,8.691862888,3.929250345,289.0314226,189.4938965,31.12394509,-81.24824853,107.1002539,-0.121692113,-0.59037435,-1.3067883,0.43704262,0.28083348,1.0557731,1.5358359,0.685424,-0.6574308
0.669694239,4.144188592,5.658343346,0.799324049,2.247540836,6.995946813,1.268378325,5.64986712,137.8030515,-32.43801486,71.95294602,6.647647952,45.99140764,-0.973601527,-1.4270891,0.20174626,0.384609,0.9008867,0.19069353,-0.93909025,-1.9457881,0.85256225
0.725621378,7.353241875,3.230884466,7.447506191,7.405931443,7.088495837,9.811857614,4.720096227,344.1471073,-19.10074013,-173.0148761,-8.747265589,35.82105638,0.97643784,0.27696756,-0.33011952,0.33346424,-0.50490516,-0.035598896,-1.1376773,0.107838556,-2.445417
1.989760263,4.770916334,3.475681909,5.635943825,2.104436573,5.722544103,2.518734717,2.190973804,118.8855712,77.5354738,27.09657863,-29.34081148,48.54420304,-0.427762724,-1.420946,-0.15099089,-0.7647135,-0.4141055,0.5819971,-0.8768659,-0.52246636,0.24456625
1.51860997,5.005655544,5.94682742,4.514273849,1.854853627,2.61495097,2.335451592,2.373622602,104.4730574,49.97188662,24.97917789,14.68435142,48.52711833,0.683309137,-1.8596005,-0.9406602,-0.41702554,-0.27484262,0.13995574,0.08095876,-0.76766497,0.49446264
1.001043446,4.175619104,1.284090766,6.384584277,2.872513098,2.254830327,6.237810626,5.044641745,138.5439714,8.954708004,35.68013064,16.19475722,49.84339182,-0.293836895,-1.813767,0.5555985,0.045749582,-1.0649738,-0.24023625,-0.041871507,0.05758041,-1.0293088
1.292938646,2.90484896,5.104728396,4.437080646,9.890484312,5.33439501,5.569202144,1.289184328,214.8112333,35.81532018,-55.02023087,9.782122663,51.34711131,-0.676515727,0.792562,-0.49764156,-0.6548173,-1.0903169,-0.91981053,-0.37005115,-1.5127428,-0.63765967
5.532777318,9.007108674,2.95426271,0.369253025,9.91437899,2.636649528,5.462752004,9.003659122,336.758016,180.5130606,96.59109376,21.62878129,158.8727379,0.943787624,0.60149854,-0.027248846,2.8290603,-0.42086473,-1.3798789,-0.25654152,0.20872946,0.40236196
1.878148249,6.68787578,3.415783543,9.127044824,4.798202099,7.394483095,8.713343118,2.6278521,303.7547263,75.06857478,-40.26997954,-91.37956519,61.79343909,0.261020757,-0.15204552,-0.42125532,-0.6310326,-0.54073465,0.75820816,-1.001538,0.46017402,-2.054312
9.52101243,7.888323433,3.218390502,2.878053678,2.180113909,7.676951277,0.057516178,1.489222735,237.4261247,230.0016633,66.36516668,-44.94497302,122.2119954,-0.168512392,-0.08921072,-0.22036465,0.05602827,-0.20906669,1.7675811,-1.0266255,0.47696114,2.474045
6.816117788,8.957395311,8.345371836,2.793440596,4.434052974,7.193674149,1.520188892,1.829542165,281.2109062,201.7558841,35.72620406,-56.61664139,115.5190883,-0.903509182,0.32922274,-1.7314544,0.21509083,0.6695521,1.047376,-0.653833,-0.23314038,1.6179557
5.410196734,2.501889424,1.755006124,0.497241629,8.82932683,6.291319096,1.939607265,1.956037453,163.9828422,174.9600408,105.3374801,7.086466649,112.8417074,-0.126389948,0.9178144,0.8074911,0.062215086,-1.357072,-0.40155727,-0.7146936,-1.5047624,1.5064331
7.071806008,9.19820614,2.364475682,7.17395301,5.79656678,8.933647714,5.526940985,9.129667617,418.9819388,208.5298654,-260.223109,51.97929389,104.8169973,0.127889979,0.5048289,0.6648434,0.98191345,0.89487976,0.28840926,-1.5951389,1.83129,-0.4519343
2.63886671,8.626050873,1.644749219,9.09454133,9.005936059,5.526163463,3.607730273,4.302050923,309.95698,108.5445524,43.94844217,-15.33842691,111.7778869,-0.882035554,0.059715305,-0.6089589,-0.1627392,-0.90601015,-1.0742385,-1.9186385,1.1290674,-0.70299476
9.267256843,5.060852621,0.151007732,4.629542556,8.803333524,2.820513426,6.471419136,7.552502941,317.3232897,231.0136344,79.51470999,-20.82961712,151.7555042,-0.080971805,0.9323957,1.3880137,1.1857846,-1.1495721,-0.8430783,0.3835796,1.4676328,0.23722386
8.391930578,5.679021741,4.256047299,8.14124226,8.141665088,2.377645945,4.189393149,8.251374924,344.6456646,224.5151638,-114.9660389,-6.240949377,111.9884601,-0.999862002,0.43971276,0.2851757,0.22057042,0.11620159,-1.3834146,0.42061788,2.0298643,0.21800356
7.263194984,1.14932238,8.439474921,3.288152092,8.839354641,1.000893943,0.255847904,0.907362299,216.1363681,202.4641214,-46.08603211,107.848236,120.0906734,-0.474530434,0.6903653,-0.8969335,-1.1311607,-0.6541458,-1.3256729,1.4418899,-0.85656226,2.1335661
4.802399561,7.621158406,9.027492574,3.847352327,5.12885613,6.177535274,7.901802408,6.17549417,342.4851559,169.8336402,-210.2981784,-89.72781886,53.07319972,0.990659506,0.43105233,-1.0305336,0.9559549,1.1965199,0.5075675,0.3388812,-0.08980218,-0.70593727
8.421031859,1.732250072,4.873656619,2.917237944,1.688115471,7.65199204,5.031451971,8.213561558,260.3580924,222.5572139,-109.0448493,88.72272349,115.6482951,-0.979850228,-0.043577757,1.8884782,0.23393945,1.3267895,1.0171897,0.575647,-0.013597829,0.7286824
7.447523234,5.33836041,4.213763587,2.949385227,7.794815139,6.102615054,3.923772446,2.295393224,229.0842448,211.0431579,-2.268755177,36.06373438,118.4805955,-0.441333995,1.1381602,-0.14212891,0.1447647,-0.7008612,0.20105654,-0.25663522,-0.22777133,0.99427426
6.603259064,1.264373052,8.68167231,5.612891391,9.923646469,1.324069299,2.804751736,9.332881833,347.2788877,198.7176781,-187.6506522,64.35849326,105.6761017,-0.959967161,0.6674797,0.26963717,-0.16088314,1.0414631,-2.5907142,1.4492085,0.305787,0.62520367
9.13975267,0.729170936,5.284947772,3.259415652,6.622918738,7.011537676,8.680594297,5.351894823,319.6414412,231.4705299,-133.512198,31.28973472,112.222377,-0.77825697,1.6864533,1.4507725,-0.032398343,0.17118365,0.5887206,1.2182899,-0.25673425,-0.13762787
6.336655638,6.090274438,5.486671749,0.657961065,2.471444041,7.391569151,6.256544006,5.175864901,234.4583776,194.1082953,-91.00889948,30.05903592,91.90420232,0.680377104,0.031455386,0.2449832,1.1676577,0.5874264,1.5151234,0.06690454,-0.6540103,0.48732537
3.659405849,4.912031296,6.493119181,6.902682099,9.281242012,3.688973434,0.989576713,9.941066807,326.8809691,140.9439604,-161.3440354,-5.5653642,75.22888246,0.332284966,-0.061687127,-0.023268223,0.10728395,1.1698005,-2.5163426,-0.514008,0.58199215,0.3177712
5.528445732,6.748099347,0.796127307,3.086376902,9.237163858,5.473256445,3.966152106,1.812107492,220.5559264,179.6943297,83.90902879,66.15740098,137.5791715,-0.456839306,0.8941175,-0.051712837,0.5436853,-1.7928662,-0.24021249,-1.0972672,-0.16735852,0.6331495
1.963805767,7.908541831,8.385055768,3.922852029,9.240885535,0.770999952,9.90016068,9.301114098,422.6118066,79.53590018,16.59097944,54.45287486,143.2978903,-0.706791124,0.19776237,-1.2295073,2.0477188,0.47010496,-1.7076447,1.0620171,0.067064546,-1.7595302
1.920722964,9.826874926,1.057430419,1.862931912,6.629825908,5.985810548,2.530341134,2.51952977,197.3804979,73.76667696,108.4096995,97.68143393,119.3095771,-0.967630508,-0.43685764,-0.7519819,1.2449865,-1.3021598,0.052307934,-2.0683935,-0.6653037,0.5960712
7.256696239,0.840806811,5.323215465,0.493647334,9.383148754,0.186449272,1.204191316,5.603917504,202.879119,201.4538099,164.7610098,87.1644117,164.0645876,-0.999416112,0.48454064,0.56119233,0.4394197,-0.662375,-1.95529,1.433227,-0.86986583,2.078455
7.849367034,6.312121124,9.260095424,6.542830268,2.327680604,3.481434623,0.685921439,0.766054213,248.6092424,213.4386678,6.659874976,1.513759814,117.5553863,0.019604209,-0.56578326,-1.802564,-1.1800022,0.43047404,0.776443,0.64473176,0.6403212,1.726097
9.720983637,5.769748954,5.48706813,4.232120636,5.749927763,8.090070312,0.690268665,3.59646268,287.7282092,237.075508,21.94468852,-10.25959844,134.1222018,-0.801593293,0.9613571,-0.018127715,-0.35021862,0.53296405,0.5968383,-0.66837305,0.47571623,1.9706178
8.50971417,6.506421768,3.422078436,9.323904036,9.934016158,6.287774009,0.386853899,2.46886826,357.8603122,223.5450783,-75.8466195,0.121370908,126.4200355,0.984524926,1.2836577,-0.47699964,-1.2387562,-0.612514,-0.83867675,-1.2798934,1.6204568,1.1272677
5.435943266,5.431794548,7.266308677,0.189243412,9.94875425,3.74889989,4.67403533,7.763920084,307.0459489,178.5245227,98.26833632,-67.37500493,129.1159507,0.009683393,1.0566483,-0.25946113,1.6481111,0.48970073,-1.3858073,0.47019902,-0.83569854,0.66295505
0.897908695,5.573673875,9.010145503,8.24895929,8.00994589,9.138014072,9.059041571,9.893487742,508.7100001,4.046570685,-915.6323427,-82.36569409,-121.3103665,0.49147721,0.76097536,-0.21750914,0.10521328,2.1944537,-0.84761506,-0.7317772,-0.004686184,-2.6104972
4.888732446,8.685546336,6.16235366,0.185391838,5.869776473,6.271597989,9.475434977,1.513313566,303.208596,167.2569931,121.6496931,5.791918647,149.4768002,0.522707775,0.9264144,-1.2639395,1.5607176,-0.6470494,1.462257,0.13525598,-1.0336665,-0.429088
9.279363476,4.520116164,0.558861427,1.729672066,6.276742896,9.296751316,9.060644259,0.610870802,318.1376521,230.0314978,176.7262248,11.13815456,184.0083823,-0.221833452,1.9099144,1.1352625,0.44419205,-1.5865139,2.0591664,-0.27722925,-0.33625272,0.096216515
7.876181995,5.349755786,8.788085984,0.138360824,3.923221009,4.892926522,3.82333177,6.613593726,265.5936096,214.4418373,52.82960054,23.38532255,139.0625925,-0.015258388,0.20901941,-0.26533258,1.1591938,1.2898471,0.4563743,0.9725117,-0.55236465,1.4661138
4.850942261,6.909637038,0.179774514,5.093840686,2.227170604,6.542495869,6.867003352,9.784893211,287.9186679,166.6488122,-220.7665826,81.1696787,78.74264405,-0.114442314,-0.9890879,1.6094289,1.4149206,0.3168279,0.5829678,-0.8717137,1.076017,-0.7320415
4.552793615,0.894949914,6.782392371,3.537046424,8.965044077,6.427808599,0.600282848,9.632641334,294.877266,160.4495068,34.49249331,-65.64928816,106.0424945,0.888432676,0.5694966,1.1386536,-0.15942398,1.5336267,-2.0071576,-0.29983604,-0.8375645,0.979955
2.179857684,4.319253189,9.000460231,3.183485918,5.850805112,0.518008906,7.710915563,8.626829018,282.931246,88.0506246,62.00001714,-38.49505846,98.62170732,0.075098179,-0.6647799,-0.5802875,1.1805856,0.7917627,-1.2742686,1.6562401,-0.58447295,-0.9032302
1.772133808,1.021342207,1.574455638,9.743914019,3.588385484,1.397131969,2.756572269,7.29582773,177.2626502,64.58352083,90.49363859,66.38183391,99.68041088,-0.999575108,-2.0672553,1.3040457,-1.1835047,-0.42624786,-1.5183175,0.07411487,0.7673733,-0.5293976
0.736236692,1.378098929,5.281651298,5.780475684,3.273027035,1.242301956,6.568200183,5.792919461,152.7061303,-21.83937463,3.481490471,-19.02059864,28.83191188,0.843093745,-1.6117139,0.3614356,-0.35215187,-0.22013025,-0.7391744,1.1178249,-0.655929,-1.0532897
8.923931876,0.021255585,7.050545897,9.263432508,1.724538214,2.082064274,2.889793223,0.156235223,230.8427292,219.6848199,116.8898551,40.24188586,151.9148225,-0.270965905,-0.573995,-0.11743587,-2.6384487,-0.38793555,0.6526423,1.8891554,0.8552221,1.0419985
6.401766169,2.097064362,1.755116297,8.889595914,1.85047379,9.874224383,4.881501192,9.3350088,339.3816414,195.8699408,-166.2969052,65.81383967,108.6921292,-0.817122366,-0.43517935,2.5023413,-0.8324998,1.3136656,0.66062564,-0.9206153,1.2132262,-0.5560722
1.433323175,2.166372624,2.451975846,3.395671229,6.676456269,6.717724436,4.60633098,5.696290448,167.6592542,45.96259809,-70.40620398,129.2167665,68.1081037,0.471313565,-0.17046599,1.1595395,0.019121092,-0.29631385,-0.6470746,-0.8400109,-1.2883266,-0.37992856
4.141269197,5.162444812,0.66569989,6.535457469,2.863451905,7.2103359,6.105269848,4.692117053,206.4348906,151.5945469,-55.3330456,12.50331355,78.79992637,0.874988092,-0.6593667,1.0252681,-0.11388164,-0.51603895,0.8990004,-0.97289616,0.47776568,-0.6663312
0.491089244,5.702082385,1.590025085,1.950537523,3.168632803,9.212892549,3.266664724,0.198345012,144.7157507,-65.3003283,123.3188002,9.206561994,52.98519615,-0.564020815,-0.76927114,0.010298546,-0.12013291,-0.9824239,1.3284761,-2.0207644,-1.8767589,0.23986761
2.093733495,8.239611805,1.181620694,3.65498202,8.450888641,1.817311941,1.871781035,1.742234922,168.289132,81.38050392,91.36190765,-84.9709228,64.01515518,-0.979264337,-0.58514255,-1.0316747,0.66655517,-2.0974052,-1.1177406,-1.1474148,-0.25083038,0.6891307
7.307081241,4.867111888,2.906424324,6.84785963,0.935789105,7.53292307,5.640172414,3.438462936,233.6779017,208.3756087,-2.165595182,61.73451071,125.4056065,-0.907666543,-0.43065307,0.715329,-0.6163224,-0.013092877,1.7753899,-0.25830573,0.8661939,0.03779366
6.511227704,8.914545989,7.505734189,5.688210743,9.49136032,5.233938689,7.705606819,9.627212371,480.096633,201.5066379,-429.4906203,-72.76539436,44.83681407,0.977250166,1.29692,-0.6616527,1.521381,1.1769816,-0.96527946,0.024312079,1.2314942,-0.86692154
4.789782974,3.950607898,6.936844711,0.849517432,4.150165236,3.791526703,3.836727723,6.38648126,174.4979868,165.7508601,19.29157855,-46.18656361,78.33846547,0.084542887,-0.47426316,0.069727935,0.86026436,0.6353287,-0.14099059,0.726532,-0.9847692,0.89199704
2.747805055,7.446114471,7.626024217,0.781392889,8.274491365,7.459924368,9.595140329,7.019490387,387.2195157,113.205495,-205.4567184,-59.72732229,58.81024251,0.95039612,1.171736,-0.5869642,1.905679,0.8094233,0.008229992,-0.19740121,-1.21067,-1.2278181
6.522231251,5.527572624,6.596639435,7.710019471,8.239152627,7.988739812,4.437516904,3.816755195,342.016388,200.1769093,-284.4375413,-61.32713255,49.10715586,0.999996363,1.327476,-0.48795268,-0.839698,0.4841563,-0.13221066,-0.65372914,0.5834468,-0.10050141
9.564495113,6.238250858,7.942341975,7.010615339,6.825184779,5.956957735,3.887173154,7.391559841,394.4386288,238.7193155,-276.0808434,-49.91175076,76.79133752,0.931801995,1.0508652,-0.28081983,-0.017929204,1.3877878,-0.28878415,0.28253606,1.5032688,0.606557
4.355205562,2.703919969,1.489563119,6.485757961,0.527905279,6.863368909,3.885948811,2.082546102,137.3849665,153.7782936,53.18968476,-21.80328094,80.63741597,-0.147505642,-1.22098,1.0126623,-1.2022392,-0.62607795,1.3681778,-0.56898856,-0.063314326,0.15679446
0.701325051,9.375950079,5.543135938,2.208203895,6.547070552,8.51413243,9.621201529,2.817504462,339.8632513,-23.41492674,15.77426562,8.292524317,85.12877862,-0.55001683,0.570971,-1.2453811,1.3276594,-0.23563229,0.9889369,-1.1816845,-1.2744269,-1.604672
0.577314878,7.696547154,0.214597529,7.838183428,4.465607992,3.61516235,2.952071662,5.36907339,191.6060318,-46.83125191,117.9080487,-26.69562822,58.9968001,-0.999865026,-1.7874372,-0.03613385,0.14436623,-0.95334405,-0.7214962,-1.6165212,0.7422718,-0.55819154
0.828710188,1.455950291,4.916638972,5.769409693,3.104410017,8.358234867,6.214552229,1.723014158,181.3528677,-9.440584188,1.381741589,30.56853896,50.965641,0.784919631,-0.49377742,0.39305067,-1.3921484,-0.08556943,0.88946545,-0.5163954,-1.4887831,-1.0240479
9.597071873,5.374343699,8.434168471,1.471129444,5.188811052,4.772776022,5.294719704,8.799462853,349.4545327,237.3965953,-40.44980669,47.88415304,148.5713686,0.387583035,0.7522972,0.1874272,1.3868624,1.5246842,0.11868719,1.2309158,0.30923152,1.0516436
5.407608362,9.957863056,4.722871233,1.661730326,6.645701912,9.146388878,9.822737059,2.480547257,383.9291866,180.4398391,1.217603541,-50.46938855,128.7793102,-0.894591549,1.4434284,-0.8833643,1.5672885,-0.38663453,1.6741978,-0.863264,-0.4481393,-0.8189695
8.374624327,0.490563325,2.955859767,6.208021958,3.901043655,7.175891483,0.450992617,4.845283501,208.0433553,218.8317256,112.5618066,-10.3847344,132.2630383,0.860476659,-0.002944564,1.701522,-1.4429467,0.28359225,0.15735099,-0.26096058,0.35452127,1.5652331
1.700335442,3.028198379,2.746550012,9.782732766,4.088431765,6.148018468,9.80363396,9.334017378,353.055048,65.2221973,-329.6824769,-15.36249534,18.30806827,0.936404344,-0.72832835,1.4773706,-0.2569723,0.5386957,-0.32823083,-0.20297912,0.8494975,-2.6783059
2.603450727,7.408133714,3.935414449,5.860715432,2.154075326,9.796457173,3.505496324,3.672412091,237.8796018,106.4292064,23.50790842,31.17103061,99.74693679,-0.013732494,-0.7524074,-0.19579498,-0.28863424,0.5459332,1.2775459,-1.8883874,-0.17454834,-0.16465367
6.919775119,0.393614477,9.138230001,2.951671551,1.664774227,5.1100242,8.044833046,5.747575066,266.895611,201.7754839,-19.73461975,146.9122381,148.9621783,0.517200688,-0.002849909,0.67211735,-0.22178894,1.2326007,1.0564208,2.1157348,-0.7775695,-0.0974375
8.955703281,7.46671091,9.74296064,7.161028576,6.227570505,2.148263063,2.016204514,6.870282207,376.8255322,230.7067779,-221.1664997,75.65888704,115.5061744,-0.859181925,0.19333178,-1.389088,0.05677138,1.2761986,-0.86428875,0.89408714,1.6950954,1.1572466
3.406884845,5.7342128,7.483830444,2.032138743,9.747246804,5.27650694,7.133129799,4.351761855,297.2950845,134.423698,-53.80607362,83.3229354,115.3089111,-0.882799312,1.2285752,-0.89133704,0.87607294,-0.038430844,-0.6565451,0.13979632,-1.1535088,-0.4852678
0.64673198,7.317056756,9.875100732,6.413689952,0.980995296,3.737702732,3.320794834,2.577348649,225.213793,-33.9974237,121.6268658,-12.82340777,75.00495683,-0.982631177,-1.8648206,-2.1900964,-0.59766126,0.87381536,0.49926147,0.028892033,-0.46731707,-0.19482437
8.641196694,5.508325959,7.622383994,4.139041753,6.569418834,9.693325729,1.896555961,5.215976723,348.1655047,227.2575511,-50.18272344,-1.249724841,130.9976519,-0.981555035,1.368978,-0.08776256,-0.2421178,1.4456847,0.4197697,-0.72441345,0.08973819,1.3493952
2.908724458,9.394034783,2.842401814,0.308022833,5.996942392,1.781254918,1.772148753,7.994714626,211.0748539,113.8981497,125.9385601,81.46867827,133.0950605,-0.999992156,-1.2002189,-0.41559494,2.4155102,-0.30969766,-1.1212195,-0.743144,-0.21650296,1.1221364
7.410824064,3.464017029,4.350820417,5.163991396,7.476465566,6.229524574,1.735358287,4.104644043,227.0802576,210.4530605,-36.61349396,66.03151649,116.7378352,-0.741293096,0.773771,0.42525148,-0.6273523,-0.07390998,-0.43419608,-0.3823549,0.16667317,1.1857972
1.580336547,5.744694599,7.231491601,5.075106323,3.191405275,5.594601302,9.10703928,6.880635023,285.3160887,58.13487446,-200.5375663,-75.44305701,16.86758497,0.947227961,-0.6683359,-0.3253342,0.6234821,0.93913895,0.41643068,0.28767818,-0.387541,-1.6914533
6.949634351,0.50779979,7.093400185,9.119236771,2.616234645,1.235594232,4.573545761,2.526511045,217.7040394,200.9812038,27.13377188,-17.80913786,107.0024693,-0.79480542,-0.762195,-0.053927857,-1.9679972,-0.18807432,0.02094004,1.9306204,0.77889377,0.19692506
8.41419619,5.534328342,6.781250499,7.108686857,2.871169166,6.965362585,3.151035074,3.898688047,279.8349537,224.0825196,-37.27466458,14.02122652,120.1660088,0.315025268,0.08789826,-0.28185564,-0.8311633,0.87761885,1.0115634,-0.013966225,0.98439753,0.8072395
7.271520787,4.193929436,4.878881029,3.038316976,8.378155786,5.797780688,8.131076637,9.41752609,362.110869,210.7477722,-267.0388327,-4.573527444,75.31157026,0.858577679,1.3077492,1.1117733,1.3307447,0.622227,-0.5855963,0.52914137,0.24901992,-0.45858467
3.591075249,9.831617878,1.431321286,6.451524436,8.488243665,4.348930622,5.366506961,0.673642725,273.4440493,137.2474189,108.7278588,-82.67654322,109.1856959,0.056717548,0.29070398,-1.2914115,0.33184803,-1.9977593,-0.12266257,-1.346663,0.6476124,-0.43038833
7.266897515,9.456073188,9.596385726,2.500018441,8.127657747,9.528439749,6.719488287,9.143132444,526.1642091,212.2248555,-391.6605914,-69.63629111,69.27304553,0.999553492,1.8214668,-0.7537051,1.7684408,2.252382,0.19799767,-0.5432969,0.22143458,-0.12449507
1.394671242,1.382794149,2.201232419,6.541501925,2.786055738,1.090103657,2.820890413,0.523598753,68.67591005,37.75808487,23.09128791,150.1214579,69.91168519,-0.576525358,-1.9229662,0.12016944,-1.4529647,-1.7730634,-0.28919274,0.34150788,-0.629119,0.16593054
3.138191152,0.416156415,9.793843448,6.014414068,3.778407039,6.30839942,1.940483873,8.115952989,265.8204095,123.4918291,-58.70590335,33.45152518,91.01446511,0.288183913,-0.6469278,0.443377,-1.1631806,2.2580378,-0.80857587,0.38627973,-0.78796667,0.2591951
4.195827567,1.206750671,1.274237484,6.144858699,2.90252028,2.91615587,1.425634678,3.772423336,91.63638685,149.4731349,43.09961995,4.685073907,72.22355391,0.944948553,-1.4959874,1.164002,-1.0697895,-0.9566097,-0.34875903,0.007484748,-0.002457749,0.8414879
8.772120389,1.927469677,9.803356341,1.611260249,6.863693193,4.970495279,3.391379761,7.011857676,311.8509029,227.2724097,51.419929,-78.43632547,128.026729,0.893848197,1.1125807,0.22946161,0.22238865,1.4586931,-0.5044666,1.4028147,-0.61216486,1.4417928
1.537402086,7.261679943,3.761161338,7.106843426,2.351115398,3.678448779,4.090497548,2.309446715,160.8736022,52.6808562,40.95056086,34.62366209,72.28217034,-0.310610033,-1.665989,-0.95487136,-0.36326584,-0.69060344,0.4015061,-0.65798664,0.2284898,-0.39671266
8.801247902,5.439779535,8.109366109,5.37723513,7.430355762,6.862459095,6.415042788,1.772755051,348.3286084,229.3211045,-149.4748862,-65.90127672,90.5683875,0.443537941,1.7686461,-0.9031029,-0.48972926,0.15200558,0.7265178,0.5148574,0.28266057,0.23989941
7.989643192,5.349253345,0.072921226,7.423049283,7.929449499,8.912471631,3.88448131,0.896634957,305.7573571,214.3836998,184.9461143,11.66954984,179.1891803,-0.476018286,1.3635865,0.631191,-0.985612,-1.40409,0.6246874,-1.5529246,0.88354295,0.3992883
9.716242971,4.645369795,4.450007924,0.446705374,5.333549937,0.788986466,3.831051982,0.078105721,179.7392686,229.833281,78.62984225,62.38189869,137.6460726,-0.234850395,0.35268715,-0.5190529,0.51377946,-1.7326922,0.59603083,1.5683228,-0.25981513,2.1000628
3.677029833,0.066942184,2.489417727,7.330136921,1.745096522,4.787891995,1.987515401,3.737405561,117.340827,134.5388257,49.43922007,73.25932802,93.6445502,-0.886052499,-1.4897046,1.3038477,-1.7036475,-0.33238146,0.06711869,-0.058775328,-0.1663725,0.41275516
2.049397689,3.924719135,6.945252021,9.502617046,2.625253642,7.347785938,3.944958575,0.417311296,234.7584693,80.76960645,33.31369234,119.0411724,116.9707351,-0.877481275,-0.7437853,-0.92227465,-2.1933925,0.22186443,0.82709706,-0.63074225,-0.22489429,-0.64499205
2.405703203,9.989384413,6.63026749,5.856509623,5.672123978,2.889552069,5.518542061,2.823749807,262.7847318,99.28779179,-50.55594675,-24.62627436,71.72257563,-0.994644128,-0.58519816,-2.1384966,0.5712843,-0.406337,-0.096525125,-0.31074142,0.31699172,-0.52743775
8.278628014,8.202912054,4.619182501,1.401489047,7.351465376,3.361688471,1.368210946,8.752447722,302.9468014,221.0301483,79.28078307,-85.47091018,129.4467056,0.174893979,0.2479983,-0.023983588,1.904678,0.47784588,-0.94811684,-0.17367692,0.70187306,1.8503737
9.652281486,5.728607109,7.066358627,9.237733178,2.008367335,9.445285305,7.55894002,7.005219766,460.7102479,239.5557697,-281.1255634,12.51203974,107.9131235,0.509520805,0.6289672,0.46076435,-0.5920139,1.8492934,1.6582491,0.14366324,1.8925426,-0.6508413
6.988099984,1.964629607,9.78261614,5.556995923,6.482104018,1.104804988,9.162787618,4.189279337,324.018098,204.7082315,-98.22829097,75.24917595,126.4368036,-0.850978641,0.72204703,-0.62109387,-0.3450805,0.11071607,-0.34287262,2.6596265,0.071013056,-0.66179657
4.824970418,9.204694245,0.932475791,2.774162557,9.085997191,5.869352333,5.689505392,0.214713916,265.9934401,164.7272641,146.4945749,98.07037715,168.8214141,-0.981933403,0.9936853,-0.82208276,0.9365956,-2.133784,0.35352686,-1.3407776,-0.20284894,0.1566619
2.870497647,4.241472474,5.626760573,6.221404439,7.322266047,7.009873324,3.092298145,0.488526672,209.1510234,114.799774,-82.11468775,52.83041933,73.66663224,-0.997775952,0.42359984,-0.7898697,-1.2955627,-0.50394577,-0.1137896,-0.9107529,-0.79753673,0.061431166
8.336878843,6.193272731,6.7596105,8.588930373,8.884169246,6.6294345,9.711988089,9.926688244,543.0619522,226.5981722,-715.128423,176.0691568,57.65021456,0.989791136,1.7433277,0.35427728,0.55736923,1.307581,-0.5611067,0.41119802,1.9013679,-1.5454426
8.721795084,2.031076567,6.332185802,1.082987842,9.587757329,0.659003772,1.235502644,4.395813683,234.6734425,222.7520342,129.9153259,-54.03048728,133.3275788,0.252530937,0.91352504,0.012567012,0.28316155,-0.6057346,-1.5847605,1.4613686,-0.5044229,2.259277
0.921315918,3.280657438,2.62252307,5.596629193,2.744824375,9.58657619,1.909520992,5.934883527,188.1170386,1.376897384,33.14280993,47.88183615,67.62964552,-0.719354733,-1.1400353,1.1534865,-0.7117657,0.7082745,0.23555309,-1.9040811,-0.841885,-0.08101739
2.15949471,3.449534629,8.749537946,6.327367138,2.080401449,0.230678667,7.689111201,7.396320455,251.3619659,85.54616996,108.1702801,38.52541246,120.9009571,-0.74793543,-1.6579138,-0.50016797,0.10904962,0.8102212,-0.505934,1.8861908,0.049878642,-1.1837626
8.317610905,3.947518704,2.455311584,9.261176325,9.006178398,0.320762926,8.09469828,6.129785798,360.8760493,221.2999052,74.50018668,-2.213822935,163.6155796,-0.980113524,0.70627767,0.5533166,-0.08757109,-1.2784642,-1.3091106,1.300292,2.1356287,-0.84118897
8.483038971,0.222318866,8.449615458,0.381878827,3.895193681,5.555650588,3.73597591,7.519082762,260.0851175,219.8847141,87.68009974,69.5789248,159.307214,-0.089376014,0.42673752,1.1539329,0.2665294,1.5181514,0.17782494,1.5492665,-1.0252873,1.5088
3.146529988,6.603470522,4.707286156,5.074320489,1.079126782,0.752590052,0.948426652,5.607491338,135.4881239,121.1539951,64.15326958,-5.368625191,78.85669086,0.940537562,-2.4426677,-0.60174954,0.30139935,0.013911157,-0.32052237,0.13081613,0.41256562,0.98823655
2.792945968,1.69990018,1.430925203,7.326242137,6.234846977,3.210379197,6.387168134,4.94064214,180.7972915,112.038377,4.631021479,-40.56218827,64.22612544,0.956532685,-0.513791,1.0895957,-0.61591923,-1.1384236,-0.8522384,0.13953468,0.11767976,-1.0118419
4.30815022,6.033002633,8.241296048,6.596926133,4.785337937,7.922844792,3.434661742,4.53422228,284.4226758,158.2247481,-151.1115941,14.21308913,76.43722973,-0.091676963,0.10103361,-0.830549,-0.6447933,1.2636199,0.2884595,-0.6743082,-0.00341405,0.019982813
5.394465003,6.195803465,0.781823011,8.614208046,1.92035466,5.598554505,8.524271666,8.881503672,328.8799502,178.9704079,-174.7566421,33.88030677,91.7435057,-0.446942611,-0.968752,1.4018192,0.5411105,0.1603576,0.643255,-0.31525415,1.8823196,-1.4901924
0.95566815,6.979047464,7.949896289,6.564362952,9.161797257,5.806157654,0.644494507,9.848200753,370.964544,7.185233014,-157.344686,79.54572762,75.08770467,-0.989036534,-0.21335615,-0.7798894,0.28763106,1.7793876,-2.348967,-1.4446255,0.009437993,-0.060612224
8.369121387,2.91931186,6.000122177,6.316294376,4.798140651,9.172491341,5.34994266,3.821752553,304.8460455,223.9633835,-113.402819,29.08248009,111.1222725,-0.011751175,1.0990586,0.6225926,-1.0227273,0.71898687,1.0446271,-0.026750889,0.29030967,0.21146636
5.347348704,2.920319866,8.766595011,6.099030167,9.911769357,1.047141983,1.679957986,2.065249006,257.6009537,176.2946653,-307.2238581,-55.33620315,17.83388944,0.930858383,0.6202603,-1.3831146,-1.1418543,-0.43471724,-1.8083166,0.994022,-0.2460552,0.96164703
7.74967815,7.555294769,8.032045171,1.646876555,2.813030867,9.884488332,9.467972913,9.26325931,465.4326789,217.1688996,-555.7917132,85.85508669,53.16623799,0.993015823,0.87258124,0.3638181,1.8333919,2.2190812,1.7530178,0.18731141,0.08845062,-0.53263223
2.308362656,3.882241953,4.019707513,8.546804618,0.596308137,6.415949146,9.730870406,2.873434594,254.0727105,93.21962665,36.26642913,16.16799661,99.93169071,-0.333656436,-1.0572343,0.2557863,-0.9420952,-0.2381996,1.5601366,0.1304565,0.17791948,-2.0258274
9.652933511,1.52463261,1.351921531,5.158574717,9.076426637,6.87752707,5.861713728,7.186376822,339.6278136,236.9646956,-42.81771009,5.865146496,134.9099864,0.104187703,1.7227111,2.1820278,0.001004565,-0.33573672,-0.5301464,0.07759397,0.76164633,0.26633164
7.510273073,9.052649013,2.661914968,0.213510973,2.96242723,0.159552994,6.93538931,2.360286521,207.9580436,205.3112688,67.68681793,-26.20182054,113.6885774,0.511663692,-0.6885318,-0.7798299,2.067304,-1.7634616,1.1389488,1.1122931,0.32452127,0.9121468
3.430938644,0.1308281,0.013225343,8.204654916,9.238036464,8.71162162,8.798904531,5.953764273,353.2066921,127.3752365,-105.0657149,23.07119819,99.64685297,-0.409620618,1.1990902,2.3018086,-0.9420225,-0.7778977,-0.6598207,-0.84646195,-0.026301447,-1.9860221
9.48527647,8.864844077,6.53403248,6.885414542,4.846145523,3.942468857,9.028921621,3.169990688,389.2568978,237.2667505,-109.7796246,71.54487223,147.072224,-0.627448468,0.8038234,-1.1935468,0.47275826,-0.23153855,1.1870712,0.9790946,1.7671891,-0.4560515
7.00511779,2.92256776,0.855124013,6.574060451,6.933427525,3.980173252,1.177007581,0.425828783,167.0434588,200.0901219,85.12550603,74.60339229,131.7156198,-0.746717496,0.161179,0.44866213,-1.3177383,-1.8528525,-0.3149907,-0.41871968,0.42255226,1.3057237
8.405610855,3.818250401,1.79288577,0.517625182,1.162364772,6.362563653,3.322119742,0.215067181,141.6317468,215.8197452,71.81765078,149.0155323,144.5711688,-0.998855262,-0.27582866,0.770992,0.043361988,-1.1574785,2.1349409,0.08832964,-0.7250373,1.8969239
0.454973059,9.784051524,2.449765276,7.054469536,2.646061209,3.973982131,7.917852383,3.015833427,246.2833666,-68.09546303,96.75730396,-190.1623529,21.19571366,0.943785944,-1.5417714,-1.0902987,0.600687,-1.0358582,0.7592178,-0.8971278,0.5137296,-1.640341
0.556415411,4.366757414,4.061024824,3.380141148,6.788829058,9.401345914,2.744262249,4.632781277,210.7625878,-47.83183769,-6.810664021,127.7086078,70.95717349,-0.975210824,0.018015001,0.30220836,-0.14697853,0.31698295,-0.3107702,-1.8827108,-1.5757959,-0.086319
7.427372735,7.158819787,6.86799948,8.144758627,9.522767462,9.166804984,4.246897823,4.402307888,432.0509461,213.907404,-378.3619291,-55.71714913,52.96981797,0.99658361,1.8777639,-0.72043496,-0.61957526,0.77063215,-0.19296294,-1.1042849,1.000917,-0.06642432
3.046864329,4.123827669,4.444675645,1.560553634,8.200023379,3.72975252,9.830300173,4.408875544,245.7042284,121.9543947,2.048510393,-36.59253108,83.27865061,-0.938552952,0.69424033,0.084266335,1.1539847,-0.9789249,-0.31709698,0.7134548,-1.1724963,-1.1049002
5.167843658,9.135358122,5.037705659,3.354337183,9.045256543,2.260538862,4.743926883,5.031352084,281.5374803,175.4753065,-19.68631779,-48.41637859,97.22752259,0.414557305,0.42727333,-1.2308117,1.4323951,-0.65351033,-0.9753994,-0.10968477,0.40300348,0.3249551
1.562624237,7.194904992,0.932077973,1.031057135,7.746912592,4.066310213,5.754038272,1.308693514,167.5114691,52.03924168,106.9601974,44.17991937,92.67270688,-0.993026513,-0.07330929,-0.46773463,1.1777563,-2.1457393,-0.10360484,-0.933937,-1.2519733,-0.09476475
9.779524097,4.806917884,3.381774011,0.183561085,9.720223188,9.927944776,2.247826293,6.505061551,370.6310164,236.3744372,125.4094571,117.8039684,212.5547198,-0.601853375,2.2219515,1.2402625,1.0018972,0.43701476,-0.083211705,-1.0735894,-0.4084349,1.8427402
5.027510477,0.84221649,2.066685448,3.235662895,2.380690113,3.048960825,1.472230477,7.696718301,117.096676,167.6307182,58.15944318,-30.55202542,78.08370301,0.776227728,-1.517076,1.8608786,0.037650537,0.029318968,-0.5345321,0.37776157,-0.2776167,1.2225276
8.290010785,3.636338678,7.391375486,6.993795023,1.223766061,4.958160534,9.053426063,4.410159133,312.9878245,222.2314634,-8.528546269,30.62111172,139.3279633,0.787365646,-0.03421756,0.11366754,-0.5135171,0.6368718,1.5581157,1.6381916,0.91262865,-0.6518656
0.740377963,4.906067023,0.176526147,4.197793287,2.405202655,1.984975915,7.689344528,4.647067596,132.7166688,-23.62938807,52.74072368,-85.85858416,18.99235507,-0.151729918,-1.8730503,0.641072,0.7936781,-1.539497,0.18644503,0.04345846,-0.32787406,-1.1153995
4.789154522,2.838641835,6.167959417,2.979431237,5.80081882,4.828192517,1.327104514,1.245156511,138.1871855,164.4245469,-3.582274688,83.08282893,95.52807165,0.616915663,0.013837816,-0.42461777,-0.7899708,-0.3966804,-0.10846886,0.061314825,-1.1823272,1.393979
0.622794804,5.346405094,6.978869257,9.362525835,3.706981694,9.525354876,9.31408284,0.326477158,356.6662522,-36.82148438,78.82818566,-8.902861461,97.442523,0.990452011,0.058295242,-1.0756854,-1.5787277,0.13884751,1.4591209,-0.82488626,-0.48150057,-2.3839836
8.842414311,2.096510682,5.046430171,7.267005247,0.351653907,4.01683022,8.959359651,2.459557911,263.4376066,225.7363606,124.9500421,-10.96578127,150.789557,0.912763763,-0.30997792,0.6140704,-0.9825519,-0.3518313,1.8485497,1.8488826,0.94079024,-0.43991742
4.458101787,4.943295755,0.444775007,9.716256349,1.246937598,0.128420915,3.285220348,4.312339382,169.8745957,153.3531155,118.5911266,9.393280748,112.8030296,-0.57783092,-2.33562,0.38670602,-0.7317842,-1.3118783,-0.18810862,0.21365689,1.7670846,-0.005819175