3.9600999999999997,1.1124529812177415,1.1253851169857807,0.9740272467558163,-0.98,0.9119287427022984,0.5956858047315711,2.399379545246027,-9.504261218927445,4.625778853836907,1.8520571976555398,0.23155254730030894,4.803478329480551
3.9204000000000008,1.1685052986387277,1.0988429891408127,1.0001383319902728,-1.0247978586399333,1.0587091877037345,0.542960187594648,2.607299380540074,-6.992401403139822,4.809451827087499,1.7589528082967072,-0.13105562689677192,5.163267747910854
3.880899999999999,1.2223937352697785,1.072938293048542,1.0261752937070505,-1.0688396757657634,0.6713484250222299,0.5852673393244077,2.3767897404324665,-7.177478180564631,4.5715593271280595,1.9561762600486285,0.3104586197298117,4.918942400030266
3.8416000000000006,1.2739897662113038,1.0476555405590537,1.0521077357735702,-1.1121254513774905,1.026398529226548,0.5457535060139044,2.6568682464068583,-5.613798034670217,4.718655559548248,1.868710641839134,-0.2763483000903042,5.27861211326049
3.802499999999999,1.3231711863651239,1.0229796226216539,1.0779056167204566,-1.1546551854751141,1.2022589030983377,0.4629007802887014,2.987941883431599,-4.229256037536275,5.128381867237354,1.621042255641854,-0.7037962138734619,6.0091999868715895
3.7635999999999994,1.3698223915594399,0.998895799963488,1.1035394014439879,-1.1964288780586347,1.2527815549518464,0.45013734985196535,3.074737787832672,-3.7183480533563693,5.1691988867155985,1.615359949824685,-0.8309190950307863,6.2201934918710915
3.7249000000000008,1.4138346420815329,0.975389693997995,1.1289802073681878,-1.2374465291280523,0.5777017273323982,0.4782754830917264,2.5666756532086876,-5.946762651748253,4.899951314147435,1.9792796528037289,0.2328088273943636,5.648458342258036
3.6864,1.4551063079799231,0.9524472779575209,1.1541999436060009,-1.2777081386833666,0.7834936175521228,0.4653812139451169,2.7239443334886397,-4.863301405161718,4.9768235442786555,1.9614410025792637,-0.10729141466895581,5.902298778489303
3.6481000000000003,1.4935430955447289,0.9300548682445552,1.1791714417828338,-1.3172137067245777,0.5346590954135545,0.4238546233174162,2.6453425698183084,-6.353491181152808,5.166248412712425,1.9765808882719678,0.3272150346081969,6.099488551306561
3.6099999999999994,1.5290582544234217,0.9081991159961932,1.2038685773308304,-1.3559632332516856,1.25411792427885,0.43345662805384083,3.079043777666455,-3.176563745747829,5.151836943952006,1.8767625809494717,-0.7678163316048813,6.539471521334977
3.5721,1.561572764878954,0.8868669988565531,1.2282663802247982,-1.3939567182646901,0.5915952278370482,0.38169880579365145,2.761998710677182,-6.399189389048563,5.455022725432865,1.9657496635138991,0.3094608773575339,6.605197330280948
3.534400000000001,1.591015504748273,0.8660458129520174,1.2523411343065196,-1.4311941617635917,1.3720161873273136,0.3978926101232999,3.2237328420822267,-2.570081779335485,5.364783636490367,1.856882088506794,-0.8636115217846871,7.082975890888244
3.496899999999999,1.6173233957113098,0.8457231650642877,1.2760704645289402,-1.4676755637483903,1.5903768021738283,0.3773998655903283,3.4282397656767825,-1.8720427027964248,5.473174329131389,1.7486587655133652,-1.1208663257460219,7.576469858648015
3.4596,1.6404415285336134,0.8258869649963652,1.299433411640983,-1.5034009242190853,1.2012858842355363,0.3578902935050517,3.1864949859643503,-2.7221913362342467,5.698946685022927,1.9055600820653202,-0.5084376846407715,7.524267613252041
3.4225,1.6603232669996613,0.8065254181266986,1.3224104940231771,-1.5383702431756776,1.6924497958308935,0.34718667394493985,3.5589694606174254,-1.384726262007764,5.686762334199501,1.7154467076951998,-1.1303819922873486,8.206491736112671
3.3856,1.6769303303084506,0.7876270181468481,1.3449837565698135,-1.5725835206181662,1.6828286716219112,0.334914847057468,3.5524879427162226,-1.3576567338898333,5.8186235673923195,1.756833545081128,-1.0232815927460037,8.411576524114908
3.3489000000000013,1.6902328537580706,0.7691805399781342,1.3671368066911618,-1.6060407565465518,0.8445137390626999,0.2858848271178218,3.0953412514690064,-5.143455442510708,6.50564775209113,1.9163518695260486,0.36746040246876666,8.387147411685358
3.3124,1.7002094276014974,0.7511750328628561,1.3888548376760788,-1.6387419509608343,1.7320252001043017,0.30747567117290875,3.6253196496880724,-1.067818882631026,6.10375379156496,1.7541925469042206,-0.9020349694684102,9.03383281300449
3.2761000000000005,1.7068471140115882,0.7335998136257637,1.4101246398082916,-1.6706871038610132,1.3619614425499589,0.2826555682146419,3.4161804206532698,-1.8401312975720134,6.559668328454069,1.8620312207546719,-0.28104429592851915,9.134497407349324
3.2399999999999993,1.7101414421492112,0.7164444601015829,1.4309345997664509,-1.7018762152470894,1.6347401237284562,0.27816946413649546,3.5974558082448844,-1.1087417471623826,6.550009217249015,1.7990818709199314,-0.5577900618548174,9.59619324910653
3.2041000000000004,1.7100963813843069,0.699698804724495,1.4512746889570471,-1.7323092851190625,1.4606967809070244,0.25903962564500993,3.5207047745088023,-1.4169832086140954,6.917177364028364,1.832082863537393,-0.2006452020286986,9.871697401010376
3.1684,1.7067242927753832,0.6833529282755679,1.4711364415293566,-1.7619863134769322,1.929790967760552,0.25902948165026884,3.8823330321154814,-0.2080518730388406,6.59913882699132,1.6287053365964372,-0.7532234549486587,10.6500058009339
3.1328999999999994,1.7000458589684504,0.6673971537842435,1.4905129229021794,-1.7909073003206988,1.7373972328803977,0.2436054508925702,3.7321872540926777,-0.6142097300891418,7.074924241138441,1.7509313987754662,-0.35415799164847933,10.752647817098365
3.0975999999999995,1.690089992731318,0.6518220405800764,1.5093986896932192,-1.8190722456503623,1.289876321586892,0.21641335913167986,3.507723113858845,-1.697540381583461,7.828778200600122,1.8204749688526984,0.4223993812683566,10.983166554064484
3.0624999999999996,1.676893724393617,0.6366183784910142,1.527789741984039,-1.8464811494659228,1.878397124544622,0.2255084277822471,3.8808270897600843,-0.11936114830926459,7.300848286529625,1.6739195275665382,-0.31028081261005447,11.66594036097921
3.027599999999999,1.660502068516641,0.621777182184602,1.5456834688774026,-1.8731340117673791,1.9983245052831475,0.2181701300264444,4.067745632330796,0.40925744492932187,7.1343430170003685,1.5146446062840282,-0.40390302684012236,12.39975569574059
2.9929,1.6409678701698724,0.6072896856485841,1.5630785883107774,-1.8990308325547332,1.5750213715553671,0.1968755496741019,3.7409365503897742,-0.557699879573984,8.221523013479315,1.7422257358929438,0.3440115237872991,12.317117948330253
2.9583999999999993,1.6183516312429966,0.593147336807461,1.5799750820812544,-1.9241716118279841,1.426042969202672,0.183156666222063,3.689656616092734,-0.8166997418404456,8.697974779827868,1.748598154202967,0.6787724812010562,12.715747421378056
2.9240999999999997,1.5927213172728925,0.5793417922716451,1.596374127014877,-1.9485563495871314,1.688552362127658,0.18299600989039536,3.8669356431856916,-0.07960670679493487,8.512649087672532,1.6826629187444602,0.4110463847106491,13.271054615049959
2.89,1.5641521453145972,0.5658649122159435,1.6122780231791427,-1.9721850458321757,1.9293534087997122,0.1834608965878661,4.255601890411889,1.0064581364659095,7.543765660106159,1.333067700782964,0.045817230018847965,14.46222607175291
2.8560999999999996,1.5327263534333975,0.5527087553841762,1.627690119993173,-1.995057700563117,1.8840091300145976,0.17563262522354853,4.296832647024945,1.1387989251664568,7.631527415253656,1.2836201588818854,0.17783292831247655,15.013685624825488
2.8223999999999996,1.4985329524417987,0.5398655742168136,1.642614741037602,-2.0171743137799547,1.9062286466760572,0.16694226179004637,4.154319615833723,0.8083655485375651,8.47875848004125,1.4880739239317713,0.4110916625098989,14.99975321032588
2.7889,1.4616674605501625,0.5273278100986007,1.657057108307482,-2.0385348854826897,1.8747475693700881,0.16156949075051463,4.306590341807656,1.2139705325528545,8.114805806725677,1.3071368458661041,0.4438816103406593,15.860125687230735
2.7556000000000003,1.4222316216431055,0.5150880887232051,1.6710232665881937,-2.0591394156713214,1.8601363702684508,0.15454964192178436,4.297833393589703,1.2186431922098846,8.442463931873931,1.3325011450448359,0.5895432821938789,16.268501667426225
2.7224999999999993,1.3803331079352272,0.5031392155719994,1.6845200085681231,-2.07898790434585,1.5133445447900495,0.1380049648524486,3.989020224488025,0.41793522627168933,10.176765600682407,1.5798999358952321,1.2270151188980754,16.215105512299917
2.6895999999999995,1.3360852077992436,0.49147417150416445,1.6975548012342294,-2.0980803515062743,0.9654501568226213,0.11912014564007889,3.7381229790379646,-1.0272568490158411,11.688737873251174,1.6269965884930655,2.139033868825698,16.610576894075816
2.6569000000000003,1.2896064995971264,0.480086108455364,1.7101357140288855,-2.1164167571525963,1.697067953671403,0.1329620190578484,4.237333854719774,1.1539084621134073,9.711965721316112,1.4056160603155372,1.1092101043391338,17.56969363966207
2.6243999999999987,1.2410205123801856,0.46896834524231223,1.7222713491797124,-2.1339971212848154,1.57465668972714,0.12504177501781213,4.186094455229354,1.0524624443318777,10.342889947136564,1.4399722297665374,1.3480393689298427,18.005437077526533
2.5920999999999994,1.1904553743571855,0.4581143634706215,1.7339707745494977,-2.150821443902931,1.2782214262302083,0.11388255193039248,4.041849039378041,0.6590964451285826,11.496521306715014,1.5065156609273984,1.809007806251177,18.38731078289595
2.5600000000000005,1.13804345006041,0.44751780354338155,1.7452434592915287,-2.1668897250069437,0.9871499216081487,0.10386801708993536,3.931354689343728,0.2264360584091154,12.51154748426302,1.525193105640954,2.2732410818706477,18.88039019326327
2.5281000000000002,1.0839209671680692,0.4371724607679849,1.7560992125373722,-2.182201964596853,1.2099238987853114,0.10500736289438435,4.109575330717684,0.9111673925205295,11.944976815602992,1.4478075061137676,1.988541033092307,19.578986078076316
2.4964000000000013,1.0282276339674028,0.42707228155877464,1.766548125289832,-2.1967581626726593,1.2175133712200636,0.10186691336449362,4.1747492411575,1.120290601616632,11.961236619959708,1.3999138696279363,2.0111714787782287,20.228447579511084
2.464899999999999,0.9711062484663371,0.4172113597331498,1.7766005156437963,-2.2105583192343627,0.8482909088614846,0.09153780283086052,4.013008446101146,0.6049246431822763,13.398195680855675,1.4500824182825847,2.550708097609133,20.686673420696582
2.433600000000001,0.9127023001824603,0.4075839328988236,1.786266877412188,-2.2236024342819625,0.8077787493740168,0.08799018422927499,4.0459445281431945,0.7466966355241031,13.650451553488093,1.4217737329182216,2.6211944904320776,21.315799663074014
2.402499999999999,0.8531635656563107,0.3981843789299846,1.7955578321933356,-2.235890507815459,0.9683533677786812,0.08828480990486841,4.201831248430325,1.262981789071198,13.042047336357921,1.338765634735366,2.407831602147288,22.06743251043659
2.371600000000001,0.792639698751616,0.3890072125301691,1.8044840848797752,-2.2474225398348526,1.0811312579146926,0.09086478795208507,4.481079875381126,1.956124064914727,11.103401080197866,1.0710878358462974,2.1691729282400383,23.236601330414704
2.3408999999999995,0.7312818168179277,0.3800470818797044,1.8130563825767019,-2.2581985303401426,0.9295566564433502,0.0829854733190496,4.322122068872267,1.6157415218616245,12.960141253077936,1.2291778488401985,2.463999133958422,23.488730242295585
2.3103999999999996,0.6692420838012986,0.37129876536563705,1.8212854768708437,-2.2682184793313303,0.4595353280336174,0.07259468835883089,4.08093004860752,0.9341230830879674,15.312654522540452,1.333098080715915,3.1109426952126453,23.88518621610477
2.2801,0.6066732913959199,0.3627571683921127,1.8291820893672324,-2.277482386808414,0.3646472117866575,0.06909693430663852,4.0852243165558795,0.9646267405953617,15.775773340397418,1.3112443544815096,3.2313736708678467,24.552703430250897
2.25,0.5437284393342461,0.3544173202692212,1.8367568803919376,-2.285990252771394,0.5408518350018701,0.06977813195657426,4.248818208293948,1.5015769213709855,14.914024933516643,1.2244587521491195,2.9681847281833345,25.363552270162018
2.2200999999999995,0.4805603159148667,0.34627437117837356,1.8440204207430462,-2.2937420772202715,0.06725662792198717,0.06112621786365174,4.0341973916118485,0.7618616306838693,17.21910673283272,1.2812038341610736,3.623497842072694,25.891331565272868
2.1904000000000003,0.4173210798663285,0.338323589212322,1.8509831663596992,-2.3007378601550457,-0.022200184300694203,0.058192183150177504,4.038416079982435,0.7898139130891302,17.72123348744297,1.2580229414561108,3.7263309725762883,26.592786672299574
2.160899999999999,0.35416184464123623,0.33056035748798207,1.8576554357695616,-2.3069776015757175,0.3626781630078994,0.06163224268258465,4.320494906321278,1.7512315586456073,15.642465795682803,1.1248285886533547,3.1500180313116286,27.530388475639878
2.1316000000000006,0.29123226622834286,0.3229801713302629,1.8640473901683534,-2.3124613014822852,-0.3962126312774332,0.05036833075960737,3.9417431338089095,0.0679418444099884,19.70191234014161,1.2259289988845,4.254082363403985,27.998516556020494
2.102499999999999,0.2286801355608451,0.3155786355251531,1.8701690159807676,-2.317188959874751,0.18136503865570353,0.05563568758611177,4.310812767058978,1.7710977104646108,16.701961015652206,1.0905901912094822,3.3479387598396304,28.960341735110674
2.073599999999998,0.16665097658696448,0.30835146164035465,1.8760301097498817,-2.3211605767531123,-0.04664826244323983,0.05108362856672824,4.215462287830536,1.531128537209103,18.20557507960431,1.1157812439651131,3.634357082540692,29.604065566042895
2.0449,0.10528765105393856,0.3012944654117997,1.881640265201823,-2.3243761521173703,0.21672014022129982,0.05361028865858142,4.483866804789228,2.2103080488916236,15.559648280537875,0.9158040272921607,3.2262703861150457,30.730949515576654
2.016399999999999,0.04472997103897658,0.29440356419442615,1.887008862333657,-2.3268356859675263,0.16999536864661624,0.051607732357641475,4.513851254102575,2.295478596168564,15.577190576893123,0.8650240769859072,3.2545131859245267,31.555822300697436
1.9880999999999993,-0.014885679759529924,0.2876747744756255,1.892145058375026,-2.3285391783035783,0.10624095331133121,0.04868406268458303,4.485045759407916,2.254916934300536,16.45182991206887,0.8767735534692792,3.3368049733040124,32.2546930381641
1.9600000000000009,-0.0734267149800607,0.2811042094498209,1.897057780477716,-2.329486629125526,0.06390700450807218,0.04645406213078574,4.489255963436436,2.284518292586246,16.853620984042234,0.8530268496894948,3.376443921715785,33.04177250121706
1.9321000000000002,-0.1307647038401759,0.27468807665266587,1.9017557199919057,-2.3296780384333724,-0.2716959855124109,0.04047785107581528,4.254113500184245,1.7415714480765616,20.480344080179936,0.9872634638919229,3.8380119525072978,33.50692717271056
1.904399999999999,-0.18677571772559165,0.26842267565339467,1.9062473281931092,-2.3291134062271146,-0.003841043182343906,0.04211438078102083,4.485654746262049,2.3173251638459957,17.85658582710514,0.8161718379055228,3.4464936790681615,34.62512951312197
1.8768999999999991,-0.2413406642190733,0.262304395803891,1.910540813329676,-2.3277927325067544,-0.36418094229198283,0.0363798757184471,4.233934088859171,1.7191620064842728,21.864755720616703,0.9489280450512156,3.9465599457487737,35.11642580053752
1.8495999999999988,-0.2943456076946037,0.2563297140430766,1.9146441388669264,-2.32571601727229,-0.08878212164635135,0.03740318420058093,4.428462564977873,2.2336419614149223,19.736353846737522,0.8214387472429585,3.5639274463291715,36.16205280826868
1.822499999999998,-0.3456820756371163,0.25049519275525606,1.9185650228105149,-2.3228832605237244,-0.39069701184519934,0.03291639063228115,4.2300502184131465,1.743293307728776,23.090431338459815,0.9033791141499771,3.9824888658181994,36.783969614364736
1.7955999999999985,-0.39524734988495114,0.24479747768108814,1.9223109379982868,-2.3192944622610536,-0.2075857658675867,0.03273565818173662,4.337244820058996,2.0595689767067733,22.178442046227993,0.8335000319455548,3.7363285165755165,37.73066075865545
1.7689000000000004,-0.4429447420312289,0.23923329587988645,1.9258891132566225,-2.3149496224842805,-0.8399030241118782,0.02676231468167475,3.9846442500063337,0.28390863222669616,27.608634191134172,0.9040683041249444,4.7258654398532505,38.40180780119796
1.7424,-0.48868385226123856,0.23379945374198413,1.929306535323993,-2.309848741193404,-0.46408147078562073,0.027633742319024414,4.164876844208607,1.5650145749288202,25.839464500211466,0.8517270805682821,4.1298106828917955,39.33325671494259
1.7161000000000008,-0.532380810945742,0.22849283504992915,1.9325699514510868,-2.3039918183884245,0.042655966985892246,0.03246062651285695,4.679749811206811,2.8476183093424154,17.092895560745703,0.4201481018652526,3.268119995527809,41.10554835571894
1.6900000000000013,-0.5739585023546423,0.22331039908730632,1.9356858725933628,-2.2973788540693416,-0.3924683546252692,0.0250000277464164,4.1602434411249805,1.5771652402048946,27.212506690825425,0.8049374643430744,4.080629217410411,41.11270519812325
1.6640999999999995,-0.6133467699015979,0.2182491787940129,1.938660577118211,-2.2900098482361546,0.20547759254699038,0.02783090776927903,4.535750169511891,2.5886780655012918,21.454364101665917,0.5770482647787643,3.2547983118721806,42.44650467684468
1.638399999999999,-0.6504826023778765,0.2133062789668428,1.941500114954985,-2.281884800888866,0.25615654182833214,0.026265402402714338,4.511817813328558,2.5574226868142795,22.47683606157735,0.5779993711878596,3.225163214160976,43.31113909208805
1.6128999999999998,-0.6853103006827974,0.20847887450426297,1.9442103121220269,-2.2730037120274735,0.362250124456692,0.0255620872392735,4.562032787897087,2.6752744963303257,21.917759868479635,0.5070043526988748,3.0961463946972074,44.34259026138767
1.5875999999999983,-0.717781624608459,0.20376420869429335,1.946796775570375,-2.2633665816519777,0.2682557323592053,0.022652817208552053,4.387715963626122,2.324942315311775,26.028329068542124,0.6228039375079225,3.2867146207711024,44.98552302093857
1.5624999999999982,-0.7478559192879048,0.19915959154442792,1.949264898289156,-2.2529734097623786,0.4759725537416343,0.022460851826128884,4.482679630249106,2.5483861912917103,24.740085398055236,0.5366839509555021,3.0332491271200785,46.06796095655606
1.5375999999999976,-0.7755002209684214,0.1946623981525617,1.951619864622651,-2.241824196358678,-0.22266826672741938,0.01746188212559819,4.01734714635494,0.6534937557050493,33.72642651497481,0.6833276267632268,4.133190582464083,46.67940567846981
1.5129000000000001,-0.8006893418249764,0.19027006711791317,1.9538666557537558,-2.2299189414408715,-0.10939348540063376,0.01669229750845127,4.025263487319134,0.75253576112117,34.36468561445459,0.6592355418811373,4.003380332447239,47.6539815311113
1.4883999999999986,-0.8234059335829421,0.1859800989909567,1.9560100553129647,-2.2172576450089654,0.23939430534564043,0.016851145253279423,4.151457392461162,1.657227610919231,32.93419120915495,0.6186468915318374,3.4767030662674165,48.672931233289106
1.4641000000000002,-0.8436405297739608,0.18179005476140445,1.9580546550761362,-2.2038403070629524,0.25929497312410155,0.015737475841850403,4.107901141609517,1.4473490786236072,34.45602061213937,0.603606400988814,3.49003716603202,49.651853058086765
1.4399999999999995,-0.8613915665039874,0.1776975543833005,1.9600048607181506,-2.189666927602838,0.2686783750587503,0.014653973077162017,4.058996472317214,1.1125680623405068,36.11264583977748,0.5870886185735111,3.5218432118368437,50.645091711348755
1.4161000000000001,-0.876665381668032,0.17370027533631271,1.961864897593126,-2.1747375066286203,0.43500886742518996,0.014160362583883992,4.089734379881868,1.3575188327612842,36.33006490563222,0.5609842652225965,3.2773465461927245,51.66889528528453
1.3924000000000003,-0.8894761926018443,0.16979595122233082,1.9636388165151666,-2.1590520441403003,1.181484891919856,0.015928611937587506,4.465967409898851,2.6242697870398457,29.28641137162729,0.3976447796238625,2.185683426435361,52.986230195131725
1.3689,-0.8998460522164845,0.1659823703965023,1.9653304995166607,-2.1426105401378743,0.759359947018672,0.013213272506570896,4.1503821655768975,1.722782549890472,36.72086106115661,0.5070445475088192,2.7740587370107233,53.75415193428123
1.345600000000001,-0.9078047837173797,0.16225737463185652,1.9669436655639427,-2.125412994621348,1.438359593760561,0.016180756564604673,4.707144300298343,3.1211920918147555,23.118092014859375,0.08269338022679756,1.6190131411544497,55.67496589644825
1.3224999999999998,-0.9133898940648408,0.15861885781669086,1.9684818762127014,-2.107459407590718,1.5672389457592684,0.014392094586148454,4.560564340477177,2.8546916256978827,28.603840459209984,0.2576824411474571,1.5303708638712412,56.293483344566404
1.2995999999999999,-0.9166464663880552,0.15506476468391184,1.9699485411878652,-2.088749779045984,1.5598907015928885,0.01313144178873714,4.463268263919724,2.676860100717459,31.90034265791904,0.3170378807347438,1.484207148101278,57.19283863705448
1.2768999999999995,-0.9176270316190345,0.15159308957154471,1.9713469238748376,-2.069284108987147,1.7447081262948956,0.013199564880965358,4.579853066568997,2.9183323339448917,29.19884777942319,0.19911983603398253,1.1164684706508385,58.48231638923004
1.2544000000000022,-0.9163914196668527,0.14820187521364403,1.972680146710897,-2.0490623974142084,1.3309113315105396,0.010756583654061711,4.230244123486477,2.110803735252447,38.91590286883441,0.38372876423286717,1.6007193131415078,59.14475181360038
1.2320999999999973,-0.9130065905055539,0.14488921156085618,1.973951196467349,-2.028084644327163,1.8472872724764164,0.012748200343053155,4.702684640220261,3.1743503100189043,25.809690688726537,-0.0014114161406649783,0.6095039571826115,61.03766779821654
1.2100000000000009,-0.9075464456011979,0.14165323462990517,1.9751629294146067,-2.006350849726017,1.9291086003304385,0.011898496901074918,4.660244207259804,3.106290320009863,28.09109960198612,0.04636274925701156,0.3941815622467939,61.99765197293177
1.1881000000000004,-0.9000916201545893,0.13849212538128813,1.976318076363821,-1.9838610136107677,1.96319449274554,0.01099840179320549,4.5968537592489085,3.0011662929742418,31.01824381135978,0.10648011302924376,0.2082650306493149,62.94633469322404
1.1664000000000012,-0.8907292566860693,0.13540410862448754,1.9774192475799746,-1.9606151359814161,1.8115197748110443,0.009675853553622783,4.423607041823499,2.6750822081135093,37.06044623243698,0.2267006445198353,0.22890491257529622,63.785640804047475
1.1448999999999998,-0.8795527605373072,0.13238745195002205,1.978468937562508,-1.9366132168379586,1.9935536912662721,0.010347481334798672,4.665164990311787,3.1506669880153932,29.563979848149994,-0.012912927920783246,-0.3419756521603413,65.41119188793348
1.1235999999999997,-0.8666615379121017,0.12944046468767564,1.9794695296905893,-1.9118552561804005,1.990256629371291,0.00960344893993128,4.6112724858516785,3.0635555108673325,32.30707908707264,0.038249726883736845,-0.5629228027776072,66.4145818736033
1.1025000000000027,-0.8521607171237605,0.12656149689026078,1.980423300731053,-1.8863412540087392,1.9414953356022775,0.008926129434262986,4.558817350559739,2.9789370560936472,34.86229331026699,0.07502662196700716,-0.7719558358446845,67.4646559055513
1.0816000000000017,-0.8361608537604586,0.12374893834228728,1.9813324252078535,-1.8600712103229728,1.9043118697501122,0.009165927051444357,4.704197961562597,3.2558990033260713,29.45093164839835,-0.12147360395586504,-1.1616158429190362,69.04350415856298
1.0608999999999966,-0.8187776205220598,0.12100121759292407,1.982198979632601,-1.8330451251231032,1.8418540386020013,0.008051855315733979,4.54261621323568,2.9720760691489185,36.76307662576863,0.05693652427018725,-1.309490334523125,69.80004119801428
1.0404000000000018,-0.800131482522034,0.11831680101265582,1.9830249465963765,-1.8052629984091322,1.4924398785610928,0.006966904488432733,4.3333210045599,2.542905195899716,44.18864373523917,0.16848248650407605,-1.2024646374152017,70.73360545879005
1.020100000000003,-0.7803473588862929,0.11569419187305177,1.9838122187235814,-1.776724830181056,1.6415579870378267,0.007126089112066136,4.486334240499713,2.8881689317707404,40.13228554819265,0.06983120393631048,-1.8108572407343255,72.11734187951751
1.0,-0.7595542715168098,0.11313192944907796,1.9845626024890544,-1.7474306204388768,1.0420858102564439,0.005896638746352278,4.178341501643764,2.0733232814324785,50.29981550744435,0.18416942251521817,-1.388460688637422,73.07310991311257
0.9801000000000002,-0.7378849819218003,0.11062858814339852,1.9852778219001097,-1.717380369182596,0.9347942423336456,0.005611227539458086,4.174917489779023,2.0709992359835123,51.30214671563391,0.17009506061958524,-1.6885969241641892,74.3051041884454
0.9603999999999999,-0.715475617045814,0.10818277663212429,1.9859595220455004,-1.6865740764122101,1.4440970615149693,0.006550251334789447,4.60627299556382,3.141735473071892,37.57541095026164,-0.07785615010632885,-2.911486351810813,76.03930467814236
0.9408999999999992,-0.6924652850623614,0.1057931370314826,1.9866092725136206,-1.6550117421277228,1.3345199468512505,0.006364129621468835,4.642053638694603,3.2151574665586757,36.587159941974534,-0.13235471908684515,-3.2685923779087735,77.38415777152103
0.921599999999998,-0.6689956821184971,0.10345834408489227,1.987228570682509,-1.6226933663291323,1.1427790435924663,0.006402309922733286,4.736774663510725,3.3946945385653877,32.030158096203095,-0.28956871283567376,-3.6304090276629335,78.97915925433256
0.9024999999999999,-0.645210691045103,0.10117710436994269,1.987818844884433,-1.5896189490164403,1.0760598716561864,0.005907437584544494,4.679323789926036,3.3001320022620306,35.941589729569465,-0.2066950244040734,-3.958865069929956,80.03531627524981
0.8836000000000013,-0.6212559730683581,0.09894815552478743,1.9883814574480023,-1.5557884901896415,0.8407787724802287,0.005097120535234386,4.484020223543237,2.959143400244408,45.43685835913142,-0.022360384559067747,-4.071842100625079,80.89446662595175
0.8649000000000022,-0.5972785535770248,0.09677026549347478,1.9889177076208977,-1.5212019898487412,0.004881107575190252,0.0040199538465116895,4.078408827128274,1.5638836363317294,59.93080802987204,0.1060406170493069,-3.3630086002470794,81.90567016015477
0.8463999999999992,-0.573426403016622,0.09464223178974962,1.9894288343764126,-1.4858594479937377,0.5285243129975702,0.004542711226896297,4.442696694377787,2.8986117587603064,48.61050712867813,-0.01822410905250449,-4.693320990315371,83.44606874951107
0.8280999999999992,-0.5498480139953315,0.09256288077887244,1.9899160191070786,-1.449760864624631,0.5363996995299064,0.005004899934200171,4.719497399434983,3.4068770121220195,35.982160984987296,-0.3121889611498262,-5.3657712150553465,85.38842952008514
0.8100000000000023,-0.5266919756974435,0.09053106697701271,1.9903803882087057,-1.412906239741421,0.4609046222487242,0.0045801957630711865,4.647393555826904,3.2892447005382683,40.86925924707333,-0.2161567347861969,-5.694760871382751,86.47882605234001
0.7921000000000014,-0.5041065467084238,0.08854567236778427,1.9908230155582012,-1.3752955733441095,0.17891098932410776,0.003933781392966479,4.441096714671953,2.9249544152597284,51.13587715163513,-0.04649748784076635,-5.767725199615793,87.43574801593871
0.7744,-0.48223922736105357,0.08660560573550144,1.9912449248885422,-1.3369288654326912,0.04768942514245067,0.0037084150731507407,4.417437149392008,2.8865943206534035,52.928074333633965,-0.041841372434319735,-6.087137776789498,88.76048690285899
0.7569000000000017,-0.46123633271474385,0.08470980201474519,1.9916470920642848,-1.2978061160071714,-0.4030934379355832,0.003202816618519836,4.20621112182931,2.3326810709015477,61.721317248859656,0.02809534922832635,-5.933148512844032,89.9643294136225
0.7395999999999994,-0.4412425672798798,0.08285722165583771,1.9920304472609613,-1.2579273250675485,-0.5469673657341495,0.0029980225841893483,4.167381383300993,2.1864417716971305,64.10336917329826,0.02843518366377329,-6.188073542075984,91.32264822769771
0.7225000000000001,-0.4224006025960516,0.08104685000583521,1.9923958770517065,-1.217292492613824,-0.7998293754123501,0.002722841830614398,4.065859221855807,1.5298303030770701,68.74802254266281,0.03432455145591695,-6.223297350689447,92.68192413144492
0.7056000000000004,-0.4048506587671278,0.07927769670465712,1.9927442264044035,-1.1759016186459945,-0.004513929767304248,0.003565135822235867,4.705292911994515,3.4377355385495254,41.242342003672334,-0.34187332007215276,-7.9494844923820125,94.86895734388462
0.6889000000000003,-0.38873009104751255,0.07754879509597987,1.9930763005925898,-1.1337547031640618,-0.040427860095252344,0.0031324319872992794,4.5580733055649505,3.1944287942068197,50.66929491088292,-0.1732814971940465,-8.199053142409051,95.88933391375834
0.6723999999999997,-0.3741729825624601,0.07585920165253246,1.9933928670233207,-1.0908517461680276,-0.7136835056017143,0.0024387650980508685,4.135730920155055,2.07397110105825,69.4498479296424,0.0092390231916184,-7.5928109478909604,96.91779605091105
0.6560999999999986,-0.36130974423114226,0.07420799541543985,1.9936946569851113,-1.0471927476578866,-0.2383615392327516,0.0026152655933917766,4.385647000285381,2.883961303508734,60.48136374598648,-0.06965670636275945,-8.647107856151738,98.4973251025024
0.6400000000000006,-0.3502667229442263,0.07259427744726932,1.9939823673190176,-1.0027777076336442,-0.8366133927429688,0.002119359115445326,4.043034735699318,1.2942839611269745,75.17343636458124,0.009670871615488963,-8.02818816218821,99.76763579695776
0.6240999999999985,-0.3411658190281506,0.07101717029844286,1.9942566620158426,-0.9576066260953002,-0.46899112319006764,0.002178436652227609,4.200607719138901,2.392457542542222,70.13708212978196,-0.014339102482309518,-8.93052250787246,101.25928943807003
0.6084000000000032,-0.3341241140060408,0.06947581748668749,1.994518173742383,-0.9116795030428531,0.19523092619633775,0.002550869658072037,4.618002414719099,3.3347969102719195,51.14351099079818,-0.2505513704631884,-10.166546981866112,103.21044274376966
0.5929000000000002,-0.329253509640396,0.06796938298920323,1.9947675052995417,-0.8649963384763009,0.25865831943843576,0.00236642088756706,4.5671799751607685,3.256687101270973,54.96453311018512,-0.20197669373741112,-10.48396995509703,104.57235340025474
0.5776000000000003,-0.32666037921538005,0.06649705074723616,1.9950052310150665,-0.8175571323956454,0.2206547354330458,0.0021156443072144933,4.440418538369724,3.036829095845607,62.561400098708376,-0.11141429562000627,-10.649297498686773,105.86052491883518
0.5625,-0.3264452319867691,0.06505802418275242,1.9952318980735813,-0.7693618848008885,0.04592975082263284,0.0018531950850189539,4.263288751902091,2.6343874290736955,71.73643612471456,-0.037267792223405816,-10.610291377262364,107.20014922153136
0.5476000000000028,-0.32870239169544435,0.06365152572691529,1.9954480277864972,-0.7204105956920284,0.6198609292152806,0.00205354248252983,4.568603033395781,3.2806742035732794,57.345708687789426,-0.20525956973606085,-11.604972017523036,109.0544081005
0.5329000000000015,-0.33351969000592807,0.06227679636007631,1.9956541168043156,-0.6707032650690632,0.7366017204018049,0.0021658154351844538,4.738334319614426,3.569307097635121,45.7424558990091,-0.42318578991781175,-12.092151804707076,111.05900497807019
0.5183999999999997,-0.3409781756947701,0.06093309516299718,1.995850638273738,-0.6202398929319966,0.7040552833067003,0.0017189629401860164,4.405767235633337,2.9992382348834297,68.09103466220118,-0.09194632523270374,-12.052589380659203,111.85991169440823
0.5041000000000011,-0.35115184037486113,0.05961969887902685,1.9960380429419269,-0.5690204792808267,0.22541504279006785,0.0013933538411249268,4.0660485421672545,1.6727470005530047,84.8430853118485,0.0005865147107915192,-11.45128797918996,113.21200435145717
0.490000000000002,-0.3641073615009311,0.05833590148696519,1.9962167602101761,-0.5170450241155518,0.3462668388579808,0.0013204277808520784,4.053877607385506,1.5424337075275445,86.59962207624311,0.0036472865281321765,-11.760760061289112,114.75809896594784
0.47609999999999886,-0.3799038633588253,0.05708101378435046,1.996387199139169,-0.46431352743617715,0.5371823538469921,0.0012743003510411817,4.079063041220034,1.8168036386366033,86.69786901268724,0.004775343883743233,-12.199927108127627,116.32014191953648
0.4623999999999988,-0.3985926966966086,0.055854362980915055,1.9965497494079205,-0.41082598924269575,1.4456732863075485,0.0017131684063597518,4.740690535959003,3.6025123775296883,48.8347234135543,-0.4145155093844277,-13.861256209642125,118.80364848600789
0.44890000000000185,-0.42021723760932495,0.05465529230195996,1.9967047822284236,-0.3565824095351129,1.511515265225814,0.001412859534875619,4.490263510557388,3.1937622996471022,68.2464626023468,-0.1268192335630428,-13.955560035460977,119.75519718410206
0.4356000000000009,-0.44481270624146424,0.053483160601404345,1.9968526512179499,-0.30158278831342855,1.7328785826735222,0.0014991030559885633,4.681310813695068,3.5158178510109064,55.674107890704754,-0.3100286218682473,-14.513935012370245,121.75511054413262
0.42249999999999943,-0.4724060058218861,0.0523373419842731,1.9969936932308625,-0.24582712557763742,1.1650335101436484,0.0010971122391049326,4.16540324500921,2.375717186908566,87.49998968281659,0.01157360341689695,-13.814996394425377,122.68449895446007
0.4095999999999975,-0.5030155824953493,0.051217225438390676,1.9971282291517474,-0.1893154213277466,1.4034894824202335,0.0010898270127580817,4.251742776707716,2.689920000830724,84.37952084911662,-0.0017184900715949691,-14.38085357401762,124.33601544992722
0.39690000000000225,-0.536651306362964,0.050122214475055264,1.9972565646515805,-0.13204767556374897,1.942456917579754,0.001236573602659485,4.596504074670481,3.396660934778068,64.83087658887857,-0.19143952830351973,-15.37782708919763,126.37054512915358
0.3843999999999994,-0.5733143740909536,0.04905172677847332,1.9973789909085917,-0.07402388828564987,1.9672815758923154,0.0012649165293951942,4.711510056517667,3.586466181120646,55.92687358449719,-0.32915262585559946,-15.75742185078934,128.32806283849112
0.37209999999999965,-0.612997233393278,0.048005193863739165,1.9974957852954092,-0.01524405949344576,1.6295877508635153,0.0009784030526996325,4.325584902175475,2.9044845132508517,83.8501359702675,-0.0039026511777117134,-15.453386332792723,129.28721765735756
0.360000000000003,-0.6556835296388908,0.04698206074315049,1.9976072120340098,0.04429181081285982,1.1131004136681744,0.0008219923850001388,4.0621878571224395,1.7329634414143744,98.90697102617438,0.059875856008262174,-14.932183521839123,130.83129203896715
0.34809999999999874,-0.7013480747791512,0.04598178560065505,1.9977135228199354,0.10458372263326687,1.9322877387810853,0.0010863897111418835,4.6960853657092985,3.576879136886154,59.70791012660253,-0.2797399700936889,-16.570317268627115,133.24060063645038
0.3363999999999976,-0.7499568387348636,0.0450038394742292,1.997814957417173,0.16563167596777717,1.431449887873638,0.0008298033787082137,4.280750476498543,2.8137109884932068,89.79062669084459,0.038512027263806314,-16.121613608933796,134.25612104453407
0.3249000000000031,-0.801466963326191,0.0440477059459941,1.997911744225037,0.2274356708163907,1.7933325631264432,0.0009470102077549325,4.627708520596787,3.4789193355188166,67.57445871948296,-0.17159777244212837,-17.00710939065414,136.40916184371358
0.313600000000001,-0.8558267987720474,0.04311288083987936,1.9980041008183398,0.28999570717911105,1.0031525280963254,0.0007100709804580304,4.154733425033263,2.3993301866509174,99.21450569955542,0.08892030202917356,-16.213485903910755,137.5842058069483
0.302500000000002,-0.9129759627288909,0.042198871926649645,1.9980922344620753,0.35331178505593464,1.5531961423656142,0.0008470084008591329,4.599251797645774,3.444271052150136,71.7551378394968,-0.11925853360659344,-17.40625039131973,139.7523058218483
0.2916000000000025,-0.9728454217821569,0.04130519863611341,1.99817634260179,0.4173839044468579,1.425413217644413,0.0008509946354247237,4.684735166939781,3.5829924232983035,64.82314445905604,-0.2090900048934643,-17.67167884278001,141.69824711013558
0.2809000000000026,-1.0353575952470409,0.040431391776337804,1.9982566133307649,0.4822120653518862,1.275389997828233,0.0007794690099760429,4.619575242291541,3.486039535319862,71.83284295749391,-0.11603341725187954,-17.797260278356095,143.25076678409437
0.27039999999999864,-1.1004264810791187,0.039576993259698275,1.9983332258350863,0.547796267771016,0.7827076098673099,0.0006422071089254575,4.342759720152095,3.0006341669407472,93.13296629590415,0.08604059061584834,-17.469842378754784,144.59355937095003
0.2600999999999978,-1.1679578036395595,0.03874155583559504,1.9984063508176255,0.6141365117042481,0.9562963741458493,0.0007088019193968077,4.619441273001442,3.495332018220081,73.66502948560255,-0.08932416805762022,-18.099315068936484,146.74609168396915
0.24999999999999645,-1.2378491830044793,0.03792464282967336,1.9984761509019129,0.6812327971515888,0.07724981143060161,0.0005286253542997911,4.137045017703219,2.358562042183975,108.1036363240072,0.16758256464038657,-17.158182400190846,148.00170531473185
0.2400999999999982,-1.309990325453529,0.03712582788938821,1.9985427810168463,0.7490851241130274,0.23240692304723237,0.0005457538699842736,4.302449384791683,2.925488151526795,99.29702833066646,0.14296553156384018,-17.74225025674602,149.85580523448985
0.23039999999999594,-1.384263234719274,0.036344694735757785,1.998606388763123,0.8176934925885746,0.24130256734141953,0.0005446178429897821,4.395184451188489,3.1313670287784947,94.31741957973341,0.12008270897957396,-18.045965162691925,151.7192690629538
0.22090000000000032,-1.4605424435262346,0.03558083692115455,1.9986671147622566,0.8870579025782197,0.3453731374988054,0.0006185698227733682,4.703686260023639,3.643097125904883,68.53721384004365,-0.13836037435674897,-18.538583214891574,154.10944492480513
0.21159999999999712,-1.5386952648971253,0.034833857592985615,1.9987250929889933,0.957178354081968,-0.45339076970727094,0.00043970814132279106,4.151264708239876,2.4545427324755327,112.6774971387303,0.22655480730678146,-17.503073591328928,155.17113261999998
0.20250000000000057,-1.6185820626535077,0.034103369263118535,1.9987804510879064,1.0280548470998179,0.12811596303201989,0.0005632645246332227,4.705261676870352,3.6535616053773605,70.01755641077042,-0.10810918285193605,-18.604321096619604,157.74049683385616
0.19359999999999644,-1.7000565404893622,0.0333889935829117,1.9988333106749154,1.0996873816317745,0.07099595784936308,0.0005220724926110396,4.662290129630848,3.5916090620114653,75.77904526291769,-0.030760053514256924,-18.58058245463345,159.43342980445306
0.18489999999999895,-1.7829660489487102,0.03269036112371205,1.9988837876244396,1.1720759576778361,-0.04612979627838043,0.0005285441481662724,4.748300490915081,3.7287344270025256,66.0796853080101,-0.1468377585219055,-18.58014586724873,161.57917624380184
0.176400000000001,-1.8671519095927893,0.03200711116268646,1.9989319923428628,1.2452205752379975,-0.3281618792640961,0.00040020975835591876,4.350912441400425,3.073231143383505,104.64741580994813,0.24021840018520269,-17.999023280967524,162.62119261556833
0.16809999999999548,-1.9524497555983522,0.03133889147385599,1.9989780300289584,1.3191212343122665,-0.5936001715250876,0.0003547451094102239,4.201095604595038,2.6827629146113017,116.3240049257051,0.304431363760735,-17.5253189557879,164.3896801174707
0.1600000000000037,-2.0386898879865374,0.030685358124205996,1.9990220009218875,1.3937779349006334,-0.4937428045302281,0.00034379894291035486,4.235055993780013,2.7970243897450415,115.38207883801394,0.3152797873016032,-17.521711056896308,166.27807457901326
0.15210000000000434,-2.1256976466417523,0.030046175274747434,1.9990640005373637,1.4691906770031053,0.10338856609122404,0.00041619208827300513,4.6783904216816525,3.635296390530779,78.46828166387074,0.03966068335229345,-18.208664805297495,168.78890602380542
0.14439999999999742,-2.2132937952418303,0.029421014986408724,1.9991041198925417,1.5453594606196788,0.13300156666468455,0.0004163755234593928,4.745703642486393,3.742189006164514,70.41555202152618,-0.04802912832973005,-18.066336483388138,170.929391304951
0.13689999999999714,-2.3012949191849557,0.02880955703063954,1.9991424457201674,1.6222842857503572,0.2961681222332777,0.0003608909511092307,4.602754056333777,3.5289978239014212,88.8371922135523,0.16827012076338144,-17.79821924024199,172.3910660746783
0.12959999999999638,-2.3895138355651198,0.028211488704611612,1.9991790606724966,1.6999651523951442,0.26836578221312923,0.00031572297651323475,4.447419981956472,3.28500386295505,104.43533979233794,0.3087967988663505,-17.33792436778898,174.05136680533536
0.12250000000000227,-2.477760014216628,0.027626504650903844,1.9992140435154728,1.7784020605540292,0.14184604081265223,0.0002766064912056544,4.278630972508839,2.9426526513086855,119.04025241779853,0.4026997299433651,-16.702537808572,175.82762174103547
0.11560000000000059,-2.5658400088192668,0.027054306681562126,1.9992474693136246,1.8575950102270156,0.7593937047247759,0.0003290441223097376,4.68169851607846,3.657905323506206,82.65331392504311,0.13677466983918019,-17.122270006666167,178.3777484401937
0.10889999999999844,-2.65355789702932,0.026494603606427053,1.9992794096061246,1.937544001414107,0.9222512831831611,0.0003181710980462822,4.701759008349596,3.6913096401158576,80.91583840981993,0.12912916567070987,-16.818829697289427,180.39172683907023
0.10239999999999583,-2.740715728577819,0.025947111065624848,1.999309932574434,2.0182490341153034,0.29639597384604655,0.0002188676487525428,4.0911815533603235,2.204004864388315,137.05942755179063,0.5033971996863966,-15.191303207171705,181.59866278135536
0.09609999999999985,-2.8271139802561303,0.025411551366120156,1.9993391032019296,2.0997101083305942,0.7048886904954459,0.00022125836492358406,4.2119929980767035,2.774157741552102,129.65073100953433,0.506389572044782,-15.19716081294139,183.60678154657478
0.09000000000000341,-2.9125520166904937,0.02488765332223088,1.9993669834259022,2.181927224059997,1.4468506320085854,0.00027199813803807096,4.680787333875595,3.669680009181279,86.53975474603115,0.2254649573677872,-15.665023214770331,186.23277471997827
0.0840999999999994,-2.996828555791195,0.024375152100008818,1.999393632282282,2.2649003813035016,1.5944927729562899,0.0002609633268710352,4.689575848571668,3.685851775137577,86.29202786320215,0.23570161911637355,-15.21588694130526,188.2521965604604
0.07840000000000202,-3.0797421377490855,0.023873789065390966,1.9994191060434483,2.3486295800611146,1.3236110623249522,0.00020055773639008587,4.304083151770773,3.0370226553029207,126.66784636583726,0.5481719338395381,-14.086664335922547,189.63404043301693
0.07290000000000418,-3.161091596441717,0.023383311636030083,1.9994434583494445,2.4331148203328183,1.3745110194512915,0.00018819759941239488,4.271695438025237,2.963307905867489,130.7223057438012,0.5815943923032687,-13.471921410002652,191.6263242743833
0.06759999999999877,-3.240676532104092,0.022903473136713846,1.9994667403329216,2.5183561021186343,1.6859255812371772,0.00019183062811224777,4.405468851080125,3.2515751955515073,120.63553670533607,0.5522847907587982,-13.22276660120103,193.758033279366
0.0625,-3.3182977841141805,0.02243403265828567,1.9994890007381054,2.604353425418548,1.8609150723495067,0.0001914553605067188,4.49205778465141,3.4023627622353323,113.62675483142583,0.5251911231176696,-12.779431697783195,195.89837513087494
0.05760000000000076,-3.3937579027417693,0.021974754919981042,1.9995102860340765,2.6911067902325705,1.189757708697729,0.00014964310366450016,4.094787140693687,2.277916983174553,149.37071678397996,0.686383109043279,-11.096151455553091,197.6622745428596
0.05290000000000106,-3.466861618710136,0.02152541013509643,1.9995306405226314,2.7786161965606944,1.98155813176926,0.0001955067626413368,4.683700628047138,3.695050375654354,92.92313011749799,0.38464759608782395,-11.661646541353369,200.41016039160132
0.04840000000000089,-3.5374163094240827,0.021085773879909075,1.9995501064409895,2.8668816444029197,1.817673458527482,0.0001656475102048608,4.488542163266421,3.40718116155381,117.69915151024196,0.5994140943914823,-10.68471925060258,202.0631047966349
0.044100000000007356,-3.6052324607246042,0.020655626965768344,1.9995687240595879,2.95590313375925,1.8623235857266134,0.0001737316846976262,4.649377532083895,3.6509114807719745,99.81688636397683,0.4777396905117814,-10.11351973641628,204.4559914952488
0.03999999999999915,-3.6701241230400363,0.020234755314281472,1.9995865317752028,3.045680664629682,1.2000273463738924,0.0001318071646885297,4.2264082200089605,2.8710252125942137,144.839390266046,0.7612061819785548,-8.460518196309831,205.99778274268292
0.036100000000004684,-3.731909360816081,0.01982294983551773,1.9996035661996223,3.136214237014215,1.55617618238975,0.00016939119617364858,4.746232205049511,3.798251056232446,86.51951601272656,0.3814745831863392,-8.439717977988181,208.97619760959026
0.03240000000000265,-3.7904106941221305,0.01942000630915778,1.999619862244076,3.2275038509128535,1.461401055339406,0.0001492864504916086,4.635381245768112,3.639193486108549,104.95118395744879,0.5679732294032287,-7.464677587916103,210.71918538140443
0.028900000000000148,-3.845455531349449,0.019025725268515994,1.9996354531996379,3.3195495063255933,0.9240591764717836,0.00012020313517171696,4.329872075709479,3.1387469159829555,140.0350068972223,0.803492003276487,-5.952654219043284,212.39442178846048
0.025600000000004286,-3.896876591937229,0.01863991188736596,1.9996503708137836,3.4123512032524417,1.0534826931464067,0.0001460725631177808,4.7387660925610104,3.7943772119921504,90.62329635946536,0.46952922693740995,-5.510109759963571,215.308806123779
0.022500000000000853,-3.9445123180860024,0.018262375869500455,1.999664645363295,3.505908941693395,0.9031175155517468,0.00012693124952890483,4.604357133852244,3.6028721730756286,112.51761796064079,0.6761083137323051,-4.3499474382002346,217.04303923170082
0.01960000000000406,-3.988207274443618,0.01789293134095956,1.9996783057236789,3.600222721648443,0.7248854868898956,0.00012771409820818986,4.68578441009213,3.721983375545281,101.68990560392385,0.6036432093792065,-3.2866713240521843,219.41291448460686
0.016899999999999693,-4.02781253477753,0.0175313967448614,1.9996913794352782,3.6952925431175956,-0.35570964292202734,8.637489821660668e-05,4.045157289524002,1.8662222776250281,171.96260712370756,0.960605709789171,-0.6586218270235717,220.87331863240004
0.014400000000001967,-4.063186054677917,0.017177594738772548,1.9997038927662232,3.791118406100857,-0.49750375612959535,8.27604314490878e-05,4.055288057192784,2.000354150661809,172.81435706590344,0.9851592973232104,0.5453130797529531,223.0500497044814
0.012100000000003774,-4.094193029369456,0.01683135209455575,1.9997158707723808,3.8877003105982126,0.24752865641842325,0.00010669607039545234,4.630511957313775,3.6507780717933747,113.43231262703236,0.7484016853314468,0.480267871057669,225.78514549118577
0.00999999999999801,-4.120706235745101,0.016492499600634775,1.9997273373544455,3.985038256609684,-0.2896029781282211,8.460930563515743e-05,4.295322778022596,3.088915938333472,153.8341386410259,0.990789974225148,2.453717882080408,227.52368178080772
0.008099999999998886,-4.142606357772976,0.01616087196661757,1.9997383153123065,4.083132244135246,-0.08425278074450082,8.851499954443367e-05,4.4749526632394225,3.4264927118367843,136.1253077884782,0.9313055181778597,3.4721615881869616,229.90610317832807
0.006399999999999295,-4.159782294467378,0.01583630773021991,1.9997488263968242,4.181982273174924,-0.6822190447250758,7.17840708083203e-05,4.154751664276651,2.674766815730849,170.59067406414837,1.0747141157213862,5.747664500183115,231.8824721962069
0.004899999999999238,-4.172131449656754,0.01551864916643394,1.9997588913591386,4.281588343728693,-0.07192667280853193,9.635331296548087e-05,4.7519370275434465,3.833874477872441,96.44941184021953,0.6705707470455802,6.2101506227525975,235.04429033476052
0.0035999999999987153,-4.179560002825382,0.015207742198886511,1.9997685299976302,4.38195045579657,-0.12518470426522477,7.627114252838925e-05,4.46404647535063,3.417756852173494,141.52688816382934,1.012989432371659,8.102298934710824,236.58133121763967
0.0024999999999977263,-4.18198316035104,0.014903436313334264,1.999777761202643,4.483068609378549,0.09304626953138662,8.293456021665085e-05,4.679717016045767,3.7342762411827772,112.26615624571629,0.8371359651588429,9.485428812492845,239.26731658675365
0.001599999999996271,-4.179325386508306,0.01460558447324323,1.9997866029990794,4.5849428044746325,-0.6539102639134541,5.7000878658574755e-05,4.073689401422469,2.224124739487175,185.3180961828678,1.1834765982088566,12.547782866507344,240.84788460530297
0.0009000000000014552,-4.171520613656005,0.014314043037402326,1.999795072586969,4.687573041084821,0.1498843032608883,6.544082770016829e-05,4.445169673487492,3.395733332969631,148.01303818115517,1.0982870225408106,13.32348777012999,243.3449202462256
0.00039999999999906777,-4.158512431077667,0.014028671679521106,1.999803186380107,4.790959319209115,-0.38365555172777466,5.151303571614447e-05,4.062002259700445,2.126256156768781,190.09382498405066,1.2332961821660626,16.24653210874509,245.40342420980394
9.999999999621423e-05,-4.140254251995524,0.013749333309763592,1.9998109600428535,4.89510163884751,0.6535333276480466,7.003209975005388e-05,4.70834874835211,3.7829404262069333,111.29508546822892,0.8934065296186002,16.7884980020744,248.47624163929217
0.0,-4.116709458331469,0.013475893998170934,1.9998184085251902,5.0,0.645738849310661,5.5915110755552925e-05,4.418267288762899,3.359400217197064,155.61772884414822,1.185923806853979,19.172243069697405,250.1987467154441
