z1,z2,z3,z4,z5,f1,f2,f3,f4,f5,f6,f7,f8,f9,f10,f11,f12,f13
0.01,2.0,0.5,0.5,5.507979025745755,4.772272681831621,0.9040740575150061,2.01969935370094,0.9993081003272861,-0.5387725131149586,-1.2915772650714321,1.6992777712653855,2.989433403856927,-6.1812245693278705,34.75252469574823,3.4636814221434693,-1.9640176372175664,34.12554228600457
0.03507537688442211,2.0150753768844223,0.5477386934673367,0.5477386934673367,7.081478226181048,3.614521793174963,1.1403718850255629,1.3170979143968073,1.2501139986091874,-1.3556680105340209,1.7992920878665672,-0.46392037178411555,4.089066633789435,-3.995620781366625,53.25847955257854,1.4112422037749428,-9.105327849217465,55.562894655768076
0.060150753768844226,2.030150753768844,0.5954773869346733,0.5954773869346733,2.9090473891294435,3.6168141238682714,0.15429568743555144,1.1211870270845463,0.528220828153618,1.3619315112420165,-0.10887110262204683,0.1395975201765068,1.1409232090542833,-5.0418111090366375,10.475714289840253,-0.45945662208781757,1.8022016229968354,13.252370466771037
0.08522613065326633,2.0452261306532664,0.6432160804020101,0.6432160804020101,5.10827605197663,3.3051156889219153,2.094125170413798,0.11590918887680834,1.398906989919226,-1.3642175809805674,-1.4372672785522016,0.42236214870370087,1.7998558186422267,-2.408570117372857,28.64172287685305,-1.2713213068721612,-3.273696312143651,31.56396383297225
0.11030150753768844,2.0603015075376883,0.6909547738693467,0.6909547738693467,8.929469543476547,4.235203814662338,0.4264533937676923,0.8842855213644544,0.8687548567070016,-1.0450453438969314,-3.0978415896516664,-0.7885235542575127,0.9786040350206191,-1.4222019174156053,80.85100534976063,0.10581616440962327,-4.591969878164217,86.29237375991909
0.13537688442211057,2.0753768844221105,0.7386934673366834,0.7386934673366834,8.96293088933438,2.6128306515598583,0.9489487087313379,0.8215163103289946,0.3112507838879258,0.3860522390029286,0.3926936158497589,0.0024756617499440427,5.770083944596587,-1.0458740220660083,79.578195724377,-0.2240117935310929,-6.7073471602086645,86.28332020588019
0.16045226130653267,2.090452261306533,0.7864321608040201,0.7864321608040201,1.2558531046383625,4.597305882108241,1.6652753506605542,0.9340189532567651,0.8051268238072626,-2.146678933984294,2.045280432691445,0.36889262922717675,5.019499412626529,-4.341438302915375,6.027815261709448,0.7602882532794808,-0.8144551988242388,8.56004159220608
0.1855276381909548,2.1055276381909547,0.8341708542713568,0.8341708542713568,2.0724287813818676,3.3057965495524484,0.8324622646763074,0.6389469395455973,1.4534875305896895,-1.869344796613655,-1.9765494300966864,-1.5360517020781541,5.692977591777821,-2.2616539877089603,8.03951066292697,0.8173842121843333,-0.09175972806468252,11.015521596019557
0.2106030150753769,2.120603015075377,0.8819095477386935,0.8819095477386935,0.5146720330082988,3.8076195480285495,0.9645669861135594,0.908145783756591,1.345296458087816,-1.1296104808875422,2.9281585665338654,1.467455910608907,3.8623258203074453,-3.5310034822169802,5.072514022395087,2.2694099593682715,-1.6337434533597164,7.8404127172877445
0.235678391959799,2.135678391959799,0.9296482412060301,0.9296482412060301,4.408098436506364,3.4853148122612945,1.074554446959997,0.6695901008164419,0.6301302608580905,-1.685833191031045,0.6241583433830553,0.6346764434270754,4.6408528001300935,-0.7899400388192565,20.785542529469627,-0.392863208829907,2.630312855844259,24.731112898466996
0.26075376884422113,2.150753768844221,0.9773869346733668,0.9773869346733668,0.29876210878566956,4.303153968522487,1.8372997871521661,0.229934622175212,1.537601224738239,-2.5867213306864962,3.7257563067749455,-0.21371169278948993,1.8388836027030437,-2.756599618071199,5.719552400900103,1.0356578332842972,-1.1162353936354568,5.904574514998998
0.28582914572864326,2.1658291457286434,1.0251256281407035,1.0251256281407035,4.568332243947111,2.504329645251174,2.737119511155752,1.3083570032018097,1.2083476701363818,-1.636070672351179,1.466233706121728,-0.14045444640628169,5.712381493674519,2.149558512131751,22.90808131821835,0.34013570892321593,-0.20459726601830963,26.482332841745155
0.31090452261306534,2.180904522613065,1.0728643216080402,1.0728643216080402,6.491440476147607,3.335691397993245,1.6380930922105115,1.2863821861680527,1.488606662772451,-1.8265045107496334,0.6959679509141827,0.5111260672986366,2.733814903831056,1.3776571249030443,39.50081578419721,2.6201327111748536,-6.441303980314482,49.85672810474285
0.33597989949748747,2.1959798994974875,1.120603015075377,1.120603015075377,2.784872826479753,3.2675728226657923,1.081478805976855,1.6806734968228394,1.4655599843271505,-0.8999293216095899,1.255964859171383,-0.13168469684826253,3.2433611118931753,0.9124697734322739,11.257785808782305,0.5682325644671582,-0.5936995033921673,14.958902854435154
0.3610552763819096,2.2110552763819094,1.1683417085427137,1.1683417085427137,6.7625490198013125,3.9893847211677187,1.9298524272900557,0.8315422392151287,0.7440023635636057,-3.203158772647372,1.6457690727168255,-0.2378853808331888,3.591528921221741,3.340008132989497,42.88221353024465,0.517264613642167,-7.1458105908970015,54.394980993735885
0.38613065326633167,2.2261306532663316,1.2160804020100502,1.2160804020100502,5.908628174163509,2.8356543663429847,1.378850480405217,0.5852883108464026,1.5204823331110793,-2.2727625583081177,0.20572753590900053,-1.44257108695883,3.2303420477357716,1.95039076001995,32.96234370246782,0.7375676922671168,-5.331658385823223,43.29169547836486
0.4112060301507538,2.241206030150754,1.263819095477387,1.263819095477387,0.23981882377165364,3.2626858962247836,1.680667605497495,0.49650056616836896,1.0636931651424608,-0.45464974705938155,1.3341537151404912,0.8633737957711627,4.16623668851342,-0.7475104703342532,5.081240360812889,2.6248578372898237,0.678393786680498,8.571388629445208
0.4362814070351759,2.2562814070351758,1.3115577889447236,1.3115577889447236,5.58854087990882,2.873470791039314,2.287710037351643,-0.02206362492862801,2.1623445021839425,0.21858905627047753,-0.3057752230388333,0.1385456392964594,3.8873759537612846,0.8611686591331855,28.506376036520763,3.249244729588877,-4.781334709147561,42.10368705513353
0.461356783919598,2.271356783919598,1.3592964824120601,1.3592964824120601,2.592524469074654,3.297206873357797,1.332911639364657,1.2247835307548436,1.7717954441822206,-3.181866661549379,0.6102442074260138,0.4151389935849606,4.0857862424839695,0.8294826624249629,10.387020409092596,0.011363042907493532,-0.4046122533687676,16.39475735576893
0.48643216080402013,2.28643216080402,1.4070351758793969,1.4070351758793969,4.151011970100696,3.5314076068579103,1.7146540676358737,0.16591064504584507,1.4540023833815332,-1.0570287043543112,2.6086240859573464,-1.478803142973744,3.9955282212507055,2.97312470481646,15.132633874116852,-0.3317926436857789,1.6177986075062287,26.62801297128016
0.5115075376884423,2.301507537688442,1.4547738693467336,1.4547738693467336,2.835250817713187,2.6537904113935396,1.2710424347641358,0.10717554121440853,0.959778862247781,-2.7129171703376844,0.703294094773907,1.7688159900285831,5.584540267389309,2.0206242644153205,7.497321642221497,1.014194119294907,1.4821378143416095,16.84579734658766
0.5365829145728643,2.3165829145728645,1.5025125628140703,1.5025125628140703,6.931379183129963,3.740761854919807,1.6285072075830713,0.5805279785642974,1.4983528109619355,-2.618839468193022,3.721942568750122,0.1593795660483167,3.6753842549291758,2.5647748081686674,38.33623959085505,1.3470594210585718,-8.495605175457447,59.40428827996401
0.5616582914572865,2.3316582914572863,1.550251256281407,1.550251256281407,4.404537176707395,3.5836953602963972,1.8283310849690981,1.4104713313215385,1.5704593904384934,-2.6627864835763524,0.18713776087088263,-0.3473987404493206,4.143619884764308,3.0238041457888585,17.020144305445307,1.2691131750757332,0.8198992592490248,30.911426691731133
0.5867336683417086,2.3467336683417086,1.5979899497487438,1.5979899497487438,1.5686773847496327,3.3488471694509334,1.1957004683465071,0.7701801741935326,0.9049246101287589,-2.2415801748127566,0.5218683071910878,2.233336769655368,4.692996089130799,1.382288124343325,9.044729369430913,2.38394407670587,0.29235498024123086,12.332126213364262
0.6118090452261307,2.3618090452261304,1.6457286432160805,1.6457286432160805,5.446490180318447,3.5129279746322055,1.5074827413790188,0.12472580852778015,2.6394698504396232,-0.8500413225525608,0.8220070636440562,-0.027339444319171513,2.738300780757022,3.0762132548605985,24.515894066747276,2.1186102838855905,-3.9105049954522055,40.8883417598554
0.6368844221105529,2.3768844221105527,1.693467336683417,1.693467336683417,7.80314764511367,2.685736070412833,1.5424100530903404,0.2652805821285773,1.7428310762345984,-1.1607127408908113,-0.07656237190850779,-1.44808303531781,3.9313170132294744,2.7135354141865773,48.946885070164974,0.9282578062750406,-11.839254354187965,72.91783557375419
0.6619597989949749,2.391959798994975,1.7412060301507537,1.7412060301507537,3.0636353237617975,2.931454887240676,1.3221403639277218,0.9199121687299987,2.409257445929854,-1.8398865893356933,2.4091267418873334,-0.3108189753015542,4.9749239847478,2.291314126592692,9.253182698129095,0.524097617282897,0.028674451611992335,19.97002732015938
0.687035175879397,2.407035175879397,1.7889447236180904,1.7889447236180904,2.219578839321814,2.490515282870465,1.0245454880503546,0.512890655213999,1.0235690051543678,-2.2874824903099014,0.7463650991504877,-2.1465826783546813,5.614077483508758,2.133063991543442,8.580203342042825,-0.47366228450024594,-0.7394243949455488,17.3148778265948
0.7121105527638192,2.422110552763819,1.8366834170854272,1.8366834170854272,3.8797125755564874,2.7901559601869916,0.882112703620829,0.19492361711203005,2.4142478979156414,-1.9452675066530214,1.8026895128127114,1.1051896433173336,4.658155762479049,2.0250204696322527,11.36398804805875,-0.16084368364694124,-0.5232577002241534,29.57194100745999
0.7371859296482413,2.4371859296482414,1.8844221105527639,1.8844221105527639,9.363836498604304,3.155177733369093,1.4874045474761226,0.45084955107697394,0.9317952272608959,-2.078115487889599,1.3872193853180579,-0.41574059515764017,3.8492116436069237,1.499404301904443,65.03531092793352,-0.8317350772478653,-0.4039065894214462,99.6517377413689
0.7622613065326633,2.4522613065326633,1.9321608040201004,1.9321608040201004,9.759954224729338,2.510269624137345,1.3981978733253908,0.9252368885868616,1.302077203328273,-1.2020043811011472,0.9904375357566789,-0.7420219776872483,5.988029650093278,3.623165400510629,68.87567607914504,-0.42545136419041485,6.283946820972736,109.80869686145894
0.7873366834170855,2.4673366834170856,1.979899497487437,1.979899497487437,6.723836759128137,2.624023236572011,2.614216346885101,1.5279209657799648,1.9138403952392669,-2.64874594357217,0.22137972887683666,1.07944433862977,4.346290440594971,5.813083012540377,28.96562211065141,1.123713604842701,-6.858235715512539,61.650376384871336
0.8124120603015076,2.4824120603015074,2.027638190954774,2.027638190954774,9.02834108538398,2.4453136499402004,0.24428367228964043,-0.09473385437936777,1.6810602319028267,-2.044729793968449,1.0470780125583046,-1.6500250676505588,4.620179579310341,1.0743147361854506,55.53681544011562,-0.420468609739982,-3.063735836963179,95.93497931140729
0.8374874371859297,2.4974874371859297,2.0753768844221105,2.0753768844221105,8.457508712931793,2.3329971792506403,1.4785948740514299,0.20187963312902052,0.49198645008241515,-2.160207027480566,0.8759394116584344,0.5371648674183477,4.790919788359031,2.821066218993736,45.995199747112174,-0.27875471619501785,-7.538751730650605,86.62890837920862
0.8625628140703518,2.5125628140703515,2.1231155778894473,2.1231155778894473,3.7799404132888914,2.38687693458159,1.5655553762668444,0.10125616828371115,1.1317279866584227,-2.1312960551977085,1.8988412391614415,-2.009578361477719,4.564086022287936,2.689890283052418,10.295628035517543,-0.06361061957109118,2.33668745228768,30.57762720448456
0.8876381909547739,2.527638190954774,2.1708542713567835,2.1708542713567835,0.9221700887172424,2.683267700540549,2.015902139135542,-0.7180674150851705,2.1164729781942957,-1.8488626929413667,1.7229228836488604,-0.5201836419665643,3.831520436669024,1.7252047401418702,8.814401102593276,1.2990094313104925,0.9259993160584437,17.966799445020122
0.912713567839196,2.542713567839196,2.2185929648241203,2.2185929648241203,6.534109025235361,2.0982448256823614,1.540535102987783,0.018190097607469702,2.754071148170445,-1.9187566661100977,-0.9143911712276527,-1.1958970681665084,5.137886364275352,4.751693467440841,23.434104495502012,1.8766317054877737,-6.459058350681045,60.23456991219518
0.9377889447236182,2.557788944723618,2.266331658291457,2.266331658291457,5.578407623884509,2.741607848908545,0.8189136604652547,-0.04296953517910662,2.179691828080054,-0.7991485470432336,-1.1449901652926342,1.478653932605437,3.515101117590744,4.546653306298474,15.02577025393775,2.7560988586772277,-2.2936115571437368,47.30003726429645
0.9628643216080403,2.5728643216080402,2.3140703517587937,2.3140703517587937,3.615647630625781,3.422001088554935,1.1904602550929835,1.0201033429493558,1.5958690974169787,-2.2376970501805666,0.9632935262805106,1.8220195862749495,4.192901954269159,4.399453817941703,8.269813668866925,-1.8654158789001976,3.294947617473326,30.56545552419941
0.9879396984924623,2.5879396984924625,2.3618090452261304,2.3618090452261304,2.250545048398319,2.931022080288668,1.4092197361349246,0.3815606871429311,2.143499408653994,-0.6053574315580532,-0.19196250124319814,-0.23171870625759583,4.279513219505797,4.037413117410751,5.495407663996765,1.2174321282558602,2.013372634137055,23.995963463628513
1.0130150753768845,2.6030150753768844,2.409547738693467,2.409547738693467,4.065199163762486,2.4321822238191926,0.9271668686713648,-0.37447026214963874,1.18419992661426,-2.488054985763484,2.8306188732601,0.8828577116305697,3.7891244537760644,2.6615887506678857,7.723794033435495,-0.3108922774389705,2.499431214167709,35.622305905718264
1.0380904522613066,2.6180904522613067,2.457286432160804,2.457286432160804,4.689402486991691,2.052585517957583,1.4137335030021085,0.7504100076938607,2.0215080167749404,-2.6744895799508717,-0.06246315125543672,-0.15118058265804907,4.821747759177963,3.456465677217197,7.896721450392347,-0.7474645404454223,1.80302140963804,43.13737135515706
1.0631658291457287,2.6331658291457285,2.5050251256281406,2.5050251256281406,2.692355782510613,2.0913208531245804,0.037060921184455364,0.2390759800097774,1.1028703680980634,-2.1098201304815105,-1.2270625792657794,0.6445587106416883,4.884655615651631,2.483266543392374,4.429609301941644,-0.5870906338713013,4.914230518761853,27.54084162674133
1.0882412060301507,2.648241206030151,2.5527638190954773,2.5527638190954773,2.917927742254326,3.2798273005138743,1.7782946331726943,-0.4639865855779058,1.781586827097234,-1.8681639619326105,0.7798091220289309,-0.6846545160532419,4.831885090580043,3.5474195416814207,4.476794306619267,-0.41920868523349586,4.196868504231944,29.37484287089651
1.113316582914573,2.6633165829145726,2.600502512562814,2.600502512562814,4.57686399322978,2.4279038773880135,1.587002570943017,0.09985955808788499,1.7302055128992557,-1.966278101368758,0.3165703530160556,-1.6789052290649817,4.61777783703861,3.2377715213567866,5.119258111361015,1.3741363717968855,2.2373295343967725,44.65525224904039
1.138391959798995,2.678391959798995,2.648241206030151,2.648241206030151,8.605339129469264,2.053102176715324,0.6248010294896923,0.09471002268604767,2.205527391694454,-0.9554591564468895,-2.273895395464914,-1.801326811243927,5.335397208746281,3.370198391364694,29.886321807436996,-1.3252107616613795,-5.400304785997402,96.46629269209356
1.1634673366834172,2.693467336683417,2.6959798994974875,2.6959798994974875,5.862529044678214,2.4363577423337324,1.0369522066047865,-0.056894067001445336,1.6615743990124656,-1.1188555515148584,0.4807934108604368,0.3960874740363279,6.496940539988202,5.856888532642325,8.296957271541347,1.5263276239973307,-1.6585485943822087,56.534010255468424
1.1885427135678392,2.708542713567839,2.7437185929648242,2.7437185929648242,2.834878624322098,3.3605275682394207,0.6932273797353927,0.38615567304614534,2.4222867717768626,-1.773778081210242,-1.5107234448092344,2.309958811513433,5.804019957789193,3.0946996670745666,4.3741473820364805,-0.46249895938599905,6.5333069570732585,31.83896863699622
1.2136180904522613,2.7236180904522613,2.791457286432161,2.791457286432161,2.779775066236013,2.340179476240815,0.1921056468885305,-0.7613717153961903,1.7308094501280635,-2.613818645944967,-1.3866916450343045,0.33098202747621974,1.6716008859609044,2.623975140323507,4.496212475057846,-2.2697339272061394,1.208515120407447,31.970155482902186
1.2386934673366834,2.7386934673366836,2.8391959798994972,2.8391959798994972,4.546220755219467,2.5586015548537095,0.5875835485384118,0.2205363878461931,2.255021231457245,-2.386604599078502,-0.9554551566645235,-0.4972316413394269,5.9624357722829195,4.611834682106203,2.2455312961144505,-1.0251281381865445,3.739684168629301,46.53596898865655
1.2637688442211057,2.7537688442211055,2.886934673366834,2.886934673366834,2.0541034460498753,2.3701851599779133,0.9807432591902142,0.8528660921216208,2.2373215621201252,-0.8803440592984877,-0.7963013007840043,1.9813823167552942,2.9294859186378694,1.824124797262713,5.962616312699571,0.43761842744432977,3.9621720557749613,30.521637735914915
1.2888442211055278,2.7688442211055277,2.9346733668341707,2.9346733668341707,2.0137871104307314,2.014275076753241,0.22677482110865352,0.7647225096893967,0.930545232960422,-2.079483737304046,-0.1150116853249048,0.3045457962342901,3.025591898332153,2.5473249744055053,6.416093891652371,0.5451549854465466,4.634888755279205,30.274896037889267
1.3139195979899498,2.7839195979899496,2.9824120603015074,2.9824120603015074,5.140350598174419,1.589640900988929,0.1663271331017394,0.8846541074554783,1.8764291790248488,-3.617750734955463,-1.6243068547125983,0.12009579337786809,4.975106074528128,3.298241893612967,0.11149217665832134,1.756788983076852,0.6024830103034597,53.304903020066895
1.338994974874372,2.798994974874372,3.030150753768844,3.030150753768844,0.8722936878080467,1.9569286387935618,0.25399688478135235,0.8826754989897087,1.8820114158762822,-3.0020265335304663,0.8115161326266525,0.3159557393908765,3.2062541966438105,0.33079668071421975,13.955045441167387,1.4066245047803974,5.070111462389474,28.221476463449633
1.364070351758794,2.8140703517587937,3.077889447236181,3.077889447236181,4.835855323515865,1.99805288331261,0.4454283005991305,1.059350201521423,1.4807990537023001,-2.894702193106159,-1.3577952988398845,-0.11112553748070872,6.415543346036703,1.3408768230964694,-0.5349801554574031,0.7236216001971411,3.861983007784738,53.46228947391851
1.389145728643216,2.829145728643216,3.1256281407035176,3.1256281407035176,3.6217621238783337,2.366911595591097,0.8058405917228986,-0.2507988805598278,1.9657354669284735,-1.1689558063774375,2.4466948661976806,-0.27287341543841825,5.563870024573246,3.687524057846598,-0.4495465441047882,-0.5833958634409943,5.03119276546007,44.60527566422738
1.4142211055276384,2.8442211055276383,3.1733668341708543,3.1733668341708543,7.076866218156711,2.4643917069372527,-0.2120520015357426,0.7242111689403907,1.1538731016040404,-2.431540136941518,1.7314223399529958,-1.4296167649568128,4.0631801018796665,3.7569424382476444,3.3962912371023077,2.066263692149953,-4.894998357567321,80.25463224269392
1.4392964824120604,2.85929648241206,3.221105527638191,3.221105527638191,7.467462231020045,2.4819510406517775,0.29892809238069246,-0.6360412002766307,2.165101473808868,-0.06672891224725586,-0.7241642807466124,0.5057077137022069,3.237395890103219,3.8255085584223867,1.9690828977178656,-0.3349780333124258,-6.506266576886715,87.3258388387782
1.4643718592964825,2.8743718592964824,3.2688442211055277,3.2688442211055277,6.910929218557643,2.1308936626271286,0.09317232337231109,-0.013767777527983638,2.1470344856442094,-1.6719197080431512,0.6030170541945394,-0.0889202572515499,5.217018986491765,5.205086154931083,-2.8381907063731404,0.7736847169005813,-4.433651562759823,79.8975585709567
1.4894472361809046,2.8894472361809047,3.316582914572864,3.316582914572864,6.8918041375491415,2.4025705821353647,-1.0027329080418095,-0.6761318122530862,2.04728055195183,-2.2046798037953312,0.96033695316076,1.1989531206788389,6.116754940385101,3.5555827402137505,-4.713702889673801,1.2870519977013548,-4.530693794064543,79.5518020346589
1.5145226130653267,2.9045226130653266,3.3643216080402008,3.3643216080402008,3.7360012414892827,1.5549010295016736,-0.34042294491652036,0.7987618327757935,3.1400478007168315,-2.7653819574618623,0.402930566851914,-0.3385308297022017,4.992011456135383,5.594687885838768,-3.9915845872478517,-2.3497301364274157,6.173714337985713,46.801891181458636
1.5395979899497487,2.919597989949749,3.4120603015075375,3.4120603015075375,6.681348047352675,2.530834077616643,-0.2529401669439633,0.935291585374638,2.082419026467152,-1.3569340965479422,-1.0198313150256348,-1.8998272978899475,6.7787153996516665,2.769034523310582,-8.457899091893141,2.263911817973376,-3.2829768569787943,78.337765709892
1.564673366834171,2.9346733668341707,3.459798994974874,3.459798994974874,3.398486639568179,2.1333649102090035,-0.26112578406587617,0.16359705622476603,1.9442763136050099,-2.568503874770824,-0.6636258961159616,-0.06753326026082197,5.43814058229123,1.0645557898416271,-2.1847808866567,-1.753925897189756,5.347280111517314,44.626480676374705
1.589748743718593,2.949748743718593,3.507537688442211,3.507537688442211,5.72793869868875,1.700553582448641,-0.1313438910011134,1.1436522297460439,1.548511788982309,-3.149839470689411,-1.1688427604491638,1.7105842578187402,5.7093932779943,4.136124509198411,-11.903089445919441,0.7590697712198133,0.7511928022206821,67.88578850125796
1.6148241206030152,2.964824120603015,3.5552763819095476,3.5552763819095476,3.258071580648745,2.0667590732687464,-1.3658436000014738,-0.08686856240060065,2.0671356279505213,-1.7547505427928365,-0.3222283052512995,-0.3520526277837923,4.606273055980912,4.259370995524032,-3.545604148800047,1.1194368588700037,5.997319086597051,47.746330775016894
1.6398994974874372,2.979899497487437,3.6030150753768844,3.6030150753768844,4.45145049263532,1.7578141434894707,-0.3721195883141027,0.32010591036359926,1.4414225374471639,-2.3065361455548894,-1.3431545744144477,-0.870154034207876,5.2970466864781685,5.828080248992184,-10.742322680250377,-1.156472822335604,4.398323860466165,58.27026228041173
1.6649748743718593,2.9949748743718594,3.650753768844221,3.650753768844221,0.6152893082993927,2.3347146937257137,-0.7817825306952497,0.3157061472611273,2.5617984219195753,-1.1258888966597365,0.4269599256883687,-1.1607102239795635,4.244554460057936,1.8892682602074875,21.64909215462167,0.19319507786811618,1.9570591284617218,38.5692532264999
1.6900502512562816,3.0100502512562812,3.698492462311558,3.698492462311558,2.4267542218433813,2.5023084082110993,-1.2084033656305477,-0.29829818322627805,1.6054842688367517,-2.3834420599422455,-2.935307333958021,-1.0161166492261875,3.025629948590404,3.2784590110955145,0.3754745328450906,0.6875330715315965,5.840246844181777,44.787581446435766
1.7151256281407037,3.0251256281407035,3.7462311557788945,3.7462311557788945,9.716026061735676,2.8088877032665813,-0.27023259594056764,0.44746614068997015,2.0118047199368863,-5.163679785010981,-2.47101077412613,-0.2993823914346269,7.402853083950575,4.757990235702606,-12.53385909211692,-2.181908794181089,7.916332583203246,135.20258313700273
1.7402010050251258,3.040201005025126,3.7939698492462313,3.7939698492462313,2.30584204355074,0.9917518322559324,-0.20631871432204102,1.1927996292875536,2.9307273807596266,-1.5080124498893621,-1.658533592063822,-1.148145763613885,4.767129540846557,6.065083824542084,2.4826480881074993,-1.2712742668242167,3.573903868940598,48.43013688892682
1.7652763819095478,3.0552763819095476,3.8417085427135675,3.8417085427135675,6.914775109473302,0.9420430972852047,-0.9399719037976157,-0.29421625851003036,2.520754357447534,-4.167750732183418,1.1273271162000662,1.502644012901002,5.052467054240781,2.8414785675328367,-22.738240717968512,1.1299174831455385,-4.682850649157755,88.85414311748023
1.79035175879397,3.0703517587939695,3.8894472361809043,3.8894472361809043,6.5047685821373955,1.3861670685267733,-0.22925446159220642,0.6629755018872499,2.062830194238565,-0.7431286554798293,0.16304332989509895,-0.27641820284203217,6.270253061491095,4.949768987878211,-23.73592006074413,1.2131478203421266,-2.727739828621109,84.42537322304936
1.815427135678392,3.085427135678392,3.937185929648241,3.937185929648241,7.239391394374821,1.692918534723915,-0.8760685415653405,0.13122544855461923,2.6341703606469222,-0.451638973443405,1.7810270049646884,0.11265854714659448,5.052283101419648,4.6962168033291425,-27.412177025842258,0.9281118532408543,-4.155782861200477,95.7901444890449
1.8405025125628143,3.100502512562814,3.9849246231155777,3.9849246231155777,4.750886106344313,2.025684460558111,-0.6845371200353865,1.0885778603411649,1.9195174228439238,-2.6903979675567964,1.1273353019894552,1.4522074316400595,5.16074397365018,3.399814397803088,-18.53544647560036,0.14254569640262046,1.3398449736221918,67.87865093804679
1.8655778894472363,3.115577889447236,4.032663316582914,4.032663316582914,5.966637746018629,1.720317473620801,-1.2972253927859332,0.4410537653446931,2.346881872935672,-3.4176753198777736,-0.6917402423515854,1.5111076729268231,5.377065250860371,4.191455687019526,-27.028924496086177,2.005163010596948,0.09288228362348416,80.45857633538334
1.8906532663316584,3.130653266331658,4.080402010050252,4.080402010050252,0.6696942393282634,0.5264993920879961,0.01674330722941675,0.5327705980840928,1.9611648455766477,-3.638898221026939,-0.02619982519446562,-0.19084324538776926,3.383990762361246,2.780637639840304,26.602907397754834,1.4855228893779668,4.49911673984649,47.58906912092141
1.9157286432160805,3.1457286432160805,4.128140703517587,4.128140703517587,0.7256213782223342,1.3597979936858142,-2.1304140700167205,0.5118517074157725,1.5011475873865245,-1.3572643201890409,0.6916160405961884,0.3531846669769254,6.097961154974879,1.906529627323878,22.248486378766344,1.0052326925275672,2.250630731623929,47.454242978363865
1.9408040201005026,3.1608040201005023,4.175879396984925,4.175879396984925,1.9897602629707833,1.9023873213036218,-0.8691322450282712,0.31052345235387374,2.1711457209421945,-2.4193758226294344,-2.340435177804954,0.7584209730906865,5.278899149454772,3.658259269400303,6.246706781308664,-1.4512384369603633,3.2773377554607745,53.15474738440382
1.9658793969849246,3.1758793969849246,4.223618090452261,4.223618090452261,1.5186099700854105,1.5791473676821919,-0.49608072725046504,-0.516091696558933,2.42537968659958,-2.802200240485087,0.028214615544938967,-0.17073882145413796,4.254758960625444,4.103775825116088,11.312636269076975,-1.0462821179746784,2.18969448838765,51.620109460784576
1.990954773869347,3.190954773869347,4.2713567839195985,4.2713567839195985,1.0010434458144468,1.8210055901560118,-1.8781248395652943,0.8735290082557042,1.78695392460553,-2.4330866288490918,0.887384527535977,-1.7583364275274267,5.6515032324115495,3.846488429866849,19.86953080282224,-1.776770683386462,1.6647386757020426,51.207261730083935
2.016030150753769,3.2060301507537687,4.319095477386934,4.319095477386934,1.2929386460885417,1.3049359286948206,-0.9714000140242224,-0.5116342309396955,1.4133039558182174,-0.08622281903090512,0.8831348670210439,0.6744454986743429,5.177563443583597,2.8681115892296387,18.262811585925434,0.5309395564136195,0.9252386275682254,54.13886416747953
2.041105527638191,3.2211055276381906,4.366834170854271,4.366834170854271,5.532777318076535,1.2920209655350017,-0.9280855252783229,0.2890775474252814,1.6995407819413004,-1.8121327170525534,0.3843912095882779,0.9024271035956484,4.010802759544256,4.315315260376688,-33.61854193243704,-1.544760814117218,-2.26332172250779,82.10631998888628
2.066180904522613,3.2361809045226133,4.414572864321608,4.414572864321608,1.8781482492387824,1.462180695494142,-0.4874945494979937,0.4730209142735492,0.7754428625231566,-1.396883590105419,-2.3106895983853364,0.4343824101553604,5.07099987650284,3.7189403350486456,5.414857553177474,0.10120805056053495,2.396008928352265,56.4776913511603
2.091256281407035,3.251256281407035,4.4623115577889445,4.4623115577889445,9.521012430312082,1.5506258236041293,-0.2836983234188627,-0.2566987617192905,1.663101819818388,-1.3485054034983368,1.4361581361343518,-0.9226973447719824,4.96704632515339,5.922342947112446,-57.987583520150125,0.35371259424967394,4.3775265333881785,146.1473122883045
2.116331658291457,3.266331658291457,4.510050251256281,4.510050251256281,6.8161177880742665,1.4216498600633847,-1.1153360287338105,0.2311504648684548,1.4308368310608328,-1.0890382744027702,0.923305566922714,-0.19195120247250724,5.303018944199705,4.962987336690517,-50.246386564222384,-0.7192093006125287,-4.170819089331476,103.05426147768507
2.141407035175879,3.2814070351758793,4.557788944723618,4.557788944723618,5.4101967335977115,1.3591043229037292,-1.6089057996559877,0.7390059078347327,2.9811510744839955,-1.0273983403586047,0.4855008426929307,-0.5831368045375577,5.344268243792394,5.8232424897875825,-42.40340086628989,-0.5820913547388309,-1.8329565147370122,86.37816509967465
2.1664824120603012,3.2964824120603016,4.605527638190955,4.605527638190955,7.071806008078977,0.9415688568554842,-0.23400931965547223,0.13954085453592968,1.6889092754683896,-2.779750555983123,1.9305517461040012,-0.29628624644927876,5.684761966785517,5.351165871498761,-56.33898339332872,-0.3324668474335292,-9.24327747585189,105.80553692972562
2.1915577889447233,3.3115577889447234,4.653266331658291,4.653266331658291,2.638866709525134,1.4431818931604619,-0.3074486031387075,-0.29612683371283055,1.2012156214145624,-2.264250199837849,-1.0525380000978761,1.3117573586480182,3.761347248749229,2.4499389625674883,-5.221950295201247,-0.6276167158591903,2.711144610753172,66.76069820654162
2.216633165829146,3.3266331658291457,4.701005025125628,4.701005025125628,9.267256842537279,1.2930106354957158,-1.1440092645822442,-1.3129796643354998,2.409372085933905,-2.788844952922851,1.4513807172849176,1.5305214956465611,4.9750021352236455,6.113074579691445,-73.27095195323332,-2.452838642823865,-0.9214962248638616,146.40964728378404
2.241708542713568,3.341708542713568,4.748743718592965,4.748743718592965,8.391930577999707,1.7747419539559606,-0.7321021985573247,-0.34426701665639947,1.8875576659902302,-2.7175140780310874,-0.6846982264778053,0.6709864925319206,4.053402661676927,4.361784335684502,-74.50155309428055,-1.2646179131730795,-7.274369341443297,131.37928755653658
2.26678391959799,3.35678391959799,4.796482412060302,4.796482412060302,7.263194984280372,1.7875589399507539,-0.7091585030912408,-0.15704724386164953,2.000619579708514,-0.8423532761760979,2.4183164823277554,0.5515981583908325,5.472272151041604,5.439629026793347,-66.03653593558005,-0.6072167741018907,-8.897924501243459,113.227405377584
2.291859296482412,3.3718592964824117,4.844221105527638,4.844221105527638,4.8023995608541,1.2589782087419732,-0.6075915359648412,-0.12280457526974947,2.0717423491975646,-2.4623706831759162,0.22112618805683015,0.6846126277516229,3.6453698106227996,4.56151296160621,-41.28846245740925,-0.821571283515395,-1.4260664481925538,87.44895758852036
2.316934673366834,3.3869346733668344,4.891959798994975,4.891959798994975,8.421031858766469,0.9572575249549427,-0.7774487710802512,-0.3476106381635862,2.083125681799817,-2.0157645780211015,-0.38366346368934356,-0.010774982055077294,2.787672963235779,5.9629315789856125,-81.66668588796185,0.07532028662674528,-8.93511777076984,137.36507346871076
2.342010050251256,3.4020100502512562,4.939698492462312,4.939698492462312,7.447523234243593,0.8042347962728885,-0.16331341708141645,0.31808808174427583,1.792247071437451,-2.604681598186223,1.8323838743999574,-0.07322800563407929,4.543191919265267,4.990797780218676,-77.08764153370286,-1.2658521643078418,-8.778832612650527,121.82666546989292
2.3670854271356783,3.417085427135678,4.9874371859296485,4.9874371859296485,6.603259063996125,1.3142471770320592,-1.7211404693160444,-0.16079271335609177,2.457772599356515,-2.4797440250518545,3.4746747549512227,-0.6700603329570316,7.52532062934067,4.994823810043536,-69.08641494587724,0.3062062393710761,-7.316664098207857,111.96197279280833
2.3921608040201003,3.4321608040201004,5.035175879396985,5.035175879396985,9.139752670059378,1.1202700341742813,-0.31574887706509414,0.06902177140198311,2.2429562564630805,-1.0718332667832937,1.0916727213335853,-0.05494460096411852,6.1312444237800765,3.469415457650622,-95.47917383796704,-1.4201242696376144,-4.693548214265174,151.08571497202402
2.4172361809045224,3.4472361809045227,5.082914572864322,5.082914572864322,6.336655637875747,0.8889731622144588,-0.6285416354145597,0.46053701750567755,1.7342897196643738,-2.2784751166217085,0.9747029248557344,2.2637791397422102,5.066484335409099,6.200633537268866,-71.3099126660857,1.1083119635844259,-6.277918059184079,109.73665977469877
2.4423115577889445,3.4623115577889445,5.130653266331658,5.130653266331658,3.659405848526094,1.0621984284171253,-0.9086991168944737,-0.30940178331728485,1.8972926417870337,-2.2873831851163513,3.347194453166459,0.8777439676073175,7.467807886022657,4.422039560222528,-29.160301894969304,-2.8982824832522898,-1.2161952489579937,83.3398876324211
2.4673869346733666,3.477386934673367,5.1783919597989945,5.1783919597989945,5.528445731504456,0.7100995780259383,-0.1935816096388162,-0.03440884538672356,1.511627919018424,-1.283167169229626,-0.2197277733535028,-0.33712652342913263,4.789298158616482,4.340251436690137,-62.207084117436075,1.0621172203489175,-5.090792119132173,101.25491009226145
2.492462311557789,3.492462311557789,5.226130653266331,5.226130653266331,1.9638057670013687,1.3490160170361094,-1.9313558670167907,1.1922066004775373,2.1249949401981154,-1.2469432929418423,-0.3456997321621841,-0.46292313667974916,4.759612902014658,5.198884805293984,3.8905738457195707,-0.7448029637169655,-1.2306366078915136,76.54447088516773
2.517537688442211,3.507537688442211,5.273869346733668,5.273869346733668,1.9207229639360313,0.7565357176070011,-0.15712423655141383,0.5477714494486586,2.3544013775488826,-0.9249577518759619,-1.0522150616449988,-0.8559014716575533,5.797012503658721,4.467130768789822,6.99173989563166,-0.2800718202251612,-3.1641572920294863,77.04604434423734
2.5426130653266332,3.522613065326633,5.321608040201005,5.321608040201005,7.256696239328209,1.5726538524027494,-0.5224365932440167,-0.5385855393287678,2.3113361375565433,-1.515809623946643,1.5483483508827829,0.37659957636722546,5.293241782019629,5.210066035079581,-97.15448951019134,-0.19185931745083612,-12.801140759316798,127.42621333225702
2.5676884422110553,3.5376884422110555,5.369346733668341,5.369346733668341,7.849367034311311,1.1426458208953991,-1.2590319219008528,0.06592266793869675,2.2939795873005693,-3.4087526026047694,0.4603514065476441,0.3931798805466286,4.91428009433852,5.517481060279177,-107.00602152409176,-2.4742247698993682,-12.456388844823417,137.60962645393082
2.5927638190954774,3.5527638190954773,5.417085427135678,5.417085427135678,9.720983636837659,1.2183892616185314,-0.45244940479015167,0.38570110323219076,1.9239442733453802,-0.9923968897396309,0.08779249262761157,-1.4425416633136852,4.518302040779911,5.272759045619454,-130.68195847093023,-2.4568896306679293,2.195174985410869,172.11775317949414
2.6178391959798994,3.567839195979899,5.464824120603015,5.464824120603015,8.509714170415016,0.35504407712947894,-0.7972539104457608,0.7179126265965208,2.77725596842136,-1.0912897343161823,-2.7959355780600035,0.4874514860994212,4.922308183088669,4.039884820878452,-121.23470577562767,-0.6579185024958307,-11.705791314900951,151.43458779726708
2.6429145728643215,3.5829145728643215,5.5125628140703515,5.5125628140703515,5.435943265958228,0.9682912165293354,0.6713914609639166,0.17344135286528284,1.8847906188549004,-0.5376508806250324,-1.1768071645014366,-0.5653331035214019,6.040889454963791,3.490217436659341,-74.37970151230886,-0.1793681691711649,-7.045019503981664,110.27522376948717
2.6679899497487436,3.5979899497487438,5.560301507537688,5.560301507537688,0.8979086952306481,1.2351782255481396,0.3203878078553877,-0.16852080668407743,2.0039512484902846,-2.367670606727022,0.9159770474763935,1.4321720708830046,3.394503318492004,4.28232701278718,35.44846108318899,-0.315386649838398,-5.758674718835317,81.45651162823147
2.6930653266331657,3.6130653266331656,5.608040201005025,5.608040201005025,4.888732446161129,0.36954969909603186,-0.35308146680906716,-0.2706210900569155,1.8213389145587682,1.034948186161254,-1.0411409317009137,0.16140737544843636,4.320535184339294,5.746043897305131,-65.256653796656,1.0658753353665773,-6.110416709980795,107.4239475910997
2.7181407035175877,3.628140703517588,5.655778894472362,5.655778894472362,9.279363475621256,0.6949907469981882,-0.9094749347086701,0.415093873270827,2.0305479045820833,-2.6821469794279045,-1.663303225773433,1.7184132252189697,6.331241149651598,5.733887184377246,-145.20956009081303,0.3007344486712582,-3.2366476979994694,168.815528746993
2.74321608040201,3.64321608040201,5.703517587939698,5.703517587939698,7.876181995034763,0.8263072733466815,-0.8183992729869474,0.24706125398906595,1.8701182994885164,-0.6859529790516211,-1.6562990109830427,-0.45675403972649664,7.521692475815975,5.379299916736693,-129.09588968536968,-0.9809574140957473,-15.508722630953518,147.94841863645362
2.768291457286432,3.658291457286432,5.751256281407035,5.751256281407035,4.850942260540881,0.10554133987662351,-0.6666313608993168,-0.16977829003129058,3.0069126783364264,-1.329340349241819,-1.4041005863545521,-0.283831991356162,3.150111728605112,5.671136971620687,-69.68378968485521,1.1398873284073967,-4.790448974860832,110.8129386112835
2.7933668341708544,3.6733668341708543,5.798994974874372,5.798994974874372,4.552793614808863,0.9319796960211458,-0.7623564804799521,-0.00793022748235496,2.204168281414914,-1.8240615109438858,0.9345790212058376,0.3041145520970908,5.396027297520261,5.811028518998593,-64.81469612113384,-3.09246985548534,-6.452819297422295,106.96128975052392
2.8184422110552765,3.6884422110552766,5.846733668341709,5.846733668341709,2.1798576840935358,1.1799803237925184,-0.9123593667499947,-0.1233892055503288,1.1501646476351135,-0.481673754850532,-1.611149508558697,1.061088964617561,6.598672813953402,4.51944684911893,1.7646970717765007,-3.5693947968262263,-4.259846734960571,94.32746996997479
2.8435175879396986,3.7035175879396984,5.894472361809045,5.894472361809045,1.7721338080182358,0.3098420295840062,-0.7367287050146025,0.4451860507755626,1.7750872576457057,-1.5393574462792161,-2.91852152664721,0.5706033044468674,4.713103773008535,4.944311724656009,11.057867770290354,-0.288828340867911,-5.304151868072871,95.52154798993699
2.8685929648241206,3.7185929648241203,5.942211055276382,5.942211055276382,0.7362366921935759,0.8977729893320539,-0.5604903487214206,-0.26393348865109767,1.2842821119337948,-3.5529143135577277,0.691926445240609,-1.2299657996068625,4.041435200249705,4.166571858323957,45.57503663145047,-0.4839266469781117,-7.066529826251441,93.66907933291701
2.8936683417085427,3.7336683417085426,5.989949748743719,5.989949748743719,8.923931875870926,0.04945829438128457,-0.6632926056334212,0.3224849343389647,2.4326937242885096,-2.343180068356167,-2.271984407114728,0.18361623748558828,6.234894875648623,4.655373339031608,-168.4339216333764,-1.2676293735577877,-13.280696657024428,173.21485322042008
2.9187437185929648,3.748743718592965,6.0376884422110555,6.0376884422110555,6.401766168990589,0.6695522453669748,-0.7380250660157068,0.503308270338334,2.680372916778979,-0.6760966315777422,1.575434037004583,0.024348916800586096,4.439576907659364,5.751070719131878,-119.22809910696286,0.5342581420121815,-15.661873720894928,135.9155411536476
2.943819095477387,3.7638190954773867,6.085427135678392,6.085427135678392,1.4333231747132136,-0.1354861773516477,-0.8386189448243697,0.31898386470668805,1.7678714123173513,1.147113865568242,-1.0382656593748298,-0.4253532565668131,4.16302833393597,2.791317760330065,23.853335629624915,-0.9328695679878847,-7.470703809769503,99.24369371066733
2.968894472361809,3.778894472361809,6.133165829145728,6.133165829145728,4.141269197162073,1.2168088541178306,0.9139093737086877,-0.3429119299204526,2.3004609710414394,-2.5284519491338964,-0.12516446027628406,-0.6445181966261097,4.421620521160675,2.3577316995017656,-62.46612929342737,-0.8435694415300089,-8.95128298437053,115.630139152918
2.993969849246231,3.7939698492462313,6.180904522613065,6.180904522613065,0.4910892439787362,0.8444502689684145,-1.086853346844169,0.7450905057583883,1.8889040858393191,-1.0197230253613367,0.09120379370854007,1.7501481231839489,3.059042608256877,3.7010745916519014,56.90839176113749,0.04341819056783541,-10.430865404498793,100.82369827508494
3.019045226130653,3.809045226130653,6.2286432160804015,6.2286432160804015,2.0937334952236366,0.6117915220621094,-0.8518731842891838,-0.26808916937213306,2.1982857448800135,0.4931269174232751,-1.4540906212436324,-0.3868110687115251,2.5691128187188728,3.712408054142034,0.7982222523399426,-3.0240699009691605,-7.237620092508542,105.74292796798566
3.044120603015075,3.8241206030150754,6.276381909547738,6.276381909547738,7.307081241290383,0.22081919041542336,-0.1179262635162377,0.28269335470672513,2.860717426304453,-0.3048091839010001,0.1414449717811374,-0.8446358536842803,6.148519609355085,6.991762604258873,-156.38030273873974,-0.25634255109521265,-17.497754288184026,156.97511618109797
3.069195979899497,3.8391959798994977,6.324120603015075,6.324120603015075,6.511227704415994,1.2297779650793885,-0.49104354467865796,-0.3086980138095329,1.8200435264673274,-1.2406171825548709,-0.2135106877033615,0.6387949403233629,6.682845269371359,3.7239069467196506,-136.19911120171858,0.16239356770790303,-16.934688714264126,146.9451524249876
3.0942713567839197,3.8542713567839195,6.371859296482412,6.371859296482412,4.7897829737697775,1.5611508746273677,-0.11474802528243971,-0.8055580745733109,1.3784368197524093,-2.239481681494092,-0.9711210681767304,0.13325587720711635,5.2186409230952515,5.682791709599661,-87.28189118366953,0.9112127341535654,-11.257366740418908,127.80853174666895
3.119346733668342,3.8693467336683414,6.419597989949748,6.419597989949748,2.747805054956393,-0.36649093222337603,0.07314476553073856,0.17793315730566245,2.3543690925519387,-2.550513182807909,-1.738284176399778,-0.07270128861939125,4.785429825685944,4.095308470884675,-21.321807511482834,-3.0521093988995447,-10.184343309354384,113.6580754898307
3.144422110552764,3.8844221105527637,6.467336683417085,6.467336683417085,6.522231250661847,1.165682015226413,0.30260443996696573,0.2071691080743275,2.2537278440102413,-1.4683163830051091,-0.25870211517147174,0.782826845737856,5.495079158869936,5.248333940739971,-145.715517548457,-0.01143480175805927,-17.781851339389966,150.64152432943982
3.169497487437186,3.899497487437186,6.515075376884422,6.515075376884422,9.564495113173804,1.3467253765744547,0.04246273460151223,0.023556316080106644,2.3325548625547827,-1.0391127960541573,-1.1140545582680341,0.48903273271210085,4.8143072338480355,4.165790095518744,-228.04914380648418,-2.414294936369865,-9.381566088151123,202.03243472660117
3.194572864321608,3.914572864321608,6.562814070351759,6.562814070351759,4.355205561751928,0.6874058482872376,-0.8378586672540655,0.19896734378441877,2.509078122709965,-2.8693580213754752,0.066021434286472,0.36463721110628544,3.2456977364881316,7.087819866012589,-81.78692257049134,-1.4811435858824948,-12.93817057532161,129.77024920974586
3.21964824120603,3.92964824120603,6.610552763819095,6.610552763819095,0.7013250508767022,-0.09553401616759194,0.20341980030596285,-0.26458574527421397,1.655463828408266,-2.2626955201230157,0.4079723274929018,0.966013284154142,3.390821727383341,3.0753371551309616,59.403999708998626,1.4262373035778344,-13.49843245916487,114.59073677620688
3.244723618090452,3.9447236180904524,6.658291457286432,6.658291457286432,0.5773148782296755,0.9216726587720128,-1.2465662256388088,-0.310396517242414,1.0132093996568572,-0.213396558807312,0.7119691097921885,0.2852886749180683,4.9411627776475395,5.251040176484272,64.5628612499046,0.22188511405707573,-12.723531940654539,113.54899439003286
3.2697989949748743,3.959798994974874,6.706030150753769,6.706030150753769,0.8287101879755743,0.3856398489609236,-0.4371145118738856,-0.02696403552660677,2.516840382536676,-0.8733058654739536,0.9232045168717056,-0.6151995075519416,4.287362427164106,3.4080194985036694,53.60680111045185,-0.7805318892424467,-15.092801351031131,116.73578747817243
3.2948743718592963,3.9748743718592965,6.7537688442211055,6.7537688442211055,9.597071872532212,0.16043968610337017,-0.6476797936574878,1.010492767614198,1.792224593276706,-1.1656565796539478,0.7016771356361509,-0.36192416669981375,3.440008510527794,4.052434175934136,-255.09159220608706,-1.8196281803468255,-11.10967538840837,209.05403986357106
3.3199497487437184,3.9899497487437188,6.801507537688442,6.801507537688442,5.407608361864939,-0.16612906783347903,-0.950616755774541,0.4620625629276226,1.3930045518125442,-0.7641015747372956,0.09746259952265968,-0.5193190820103986,3.557450576656257,4.050875501459354,-128.5865173391688,0.42257804783559283,-16.13976227006965,149.01788181612662
3.3450251256281405,4.005025125628141,6.849246231155779,6.849246231155779,8.374624326697225,0.7108687479881086,-0.14897944587762474,-0.2065127164473774,1.4127075101681754,-1.114207549419733,-0.4342217065899498,0.21031644365727295,5.945775359389554,6.493320904792772,-228.16372204944497,-2.4708443482429985,-20.91801850732594,191.3248901538037
3.370100502512563,4.0201005025125625,6.896984924623116,6.896984924623116,1.7003354423713468,0.8189034329596733,-0.5640342927116767,0.3316939444079848,2.5611803590008213,0.6816890823393342,0.6660904800939743,-1.0761969840682393,3.405908397502796,3.452058524450586,16.342368493740125,-1.3675249500352185,-14.097517699276837,125.39502797346469
3.395175879396985,4.035175879396984,6.944723618090452,6.944723618090452,2.6034507272891516,0.09783463516010171,0.006911782189269355,-0.1879651047832145,2.0875448857984416,1.4506386448910131,0.29607693507313687,-1.830513652969389,6.123097042699471,4.422512104772545,-22.13817489469319,-0.2844729816285143,-13.42902311864764,129.80935388135362
3.420251256281407,4.050251256281407,6.992462311557789,6.992462311557789,6.9197751187284275,0.6571881685366876,-1.2778840452742994,-0.1785081790940981,2.1487075819818715,1.9415678530930105,1.6014072950729916,0.08909608051486206,5.481776899955286,6.43871082887295,-190.92997409087081,0.6988544084011487,-21.29176666072553,172.89250955439203
3.445326633165829,4.065326633165829,7.040201005025126,7.040201005025126,8.955703281419837,-0.18777069481157194,-0.15015842816991376,0.4786937309108111,2.422572426375076,0.635773971508161,0.04001851830821504,-1.3361045757139405,3.995539276585296,6.310124626862155,-264.1371387465565,-1.8910159537973632,-21.22690750204015,207.0700053920717
3.4704020100502513,4.080402010050252,7.0879396984924625,7.0879396984924625,3.4068848446015956,0.7730305159356721,-0.36402715920986767,-0.2146271287140776,1.6590453127340765,0.7319085327162518,1.8611326579943697,-1.9502739477636795,4.6768434706269755,3.525380873985081,-56.71598169167471,-2.388932653735922,-14.701475589004248,141.77096248424454
3.4954773869346734,4.0954773869346734,7.135678391959798,7.135678391959798,0.6467319799028326,0.38328364921207575,-0.5924314419856377,-0.7908352563491472,1.4350499166804205,1.5073872904862176,0.2469840331536195,0.3743856215997471,4.725196621291227,3.074139394612016,71.13100184818248,-0.2940417806898261,-15.34830516800179,130.60157461313588
3.5205527638190954,4.110552763819095,7.183417085427135,7.183417085427135,8.641196694106437,0.25481511404632434,-1.4107533503534184,-0.4072655646865091,1.5712378827566098,1.8430325368709466,0.6019204802652289,-0.7106141560399977,5.3585712643866055,6.765166540984224,-267.9648342897295,-3.1885196643362406,-22.265828873696737,207.66534582740763
3.5456281407035175,4.125628140703517,7.231155778894472,7.231155778894472,2.9087244582947602,0.28552706373542497,-0.8758438979197757,0.08921144257523217,1.4455276502196868,1.6308365604009178,-0.03948926174307987,0.49761780917567894,5.247338468814654,3.892132356965627,-40.079083663306676,-0.9494545315608801,-14.41490192665725,143.5521773703654
3.5707035175879396,4.140703517587939,7.2788944723618085,7.2788944723618085,7.4108240639956255,0.759343078502937,-1.5748042689583992,0.10805161650404452,1.8523638450119233,1.4397190763607368,-2.11823071075129,-0.5301938367096604,6.423967109708351,6.0600608693547064,-231.48075746968007,-0.13938845300741176,-28.59328903688443,189.9357956038814
3.5957788944723617,4.155778894472362,7.326633165829145,7.326633165829145,1.58033654701494,0.6888058199325051,-1.897152766644522,0.6639211399191493,1.5525162347218426,-0.3446567924375028,1.2070837399347591,-1.1208115133148178,5.843907519181867,4.2269572065469365,24.857623057773253,-0.7698852053720544,-16.114912485009025,139.54025192305892
3.6208542713567837,4.170854271356784,7.374371859296482,7.374371859296482,6.949634351408759,0.5672326621763566,0.7268967378268087,-0.31581402683205995,2.017409840951734,-1.2463867188323055,0.3399925086848379,-1.2427990070693677,4.487525358009146,3.811217675268776,-220.1901784079236,-1.3987364547030519,-24.67296126436107,185.35988216844663
3.645929648241206,4.185929648241206,7.422110552763819,7.422110552763819,8.41419619031148,0.3604506049986956,-0.4874147617620203,0.40703806654616614,1.7577517713265,1.2945367166336008,0.42304887787963,-0.5145096355619441,4.826607671096344,5.495792564460956,-280.6387706932118,-2.1218254627688244,-25.558431834612925,211.38582866705036
3.6710050251256283,4.201005025125628,7.469849246231155,7.469849246231155,7.271520787467093,0.31981056395635554,-0.1390611690478989,0.25341476670122987,1.9582668687689175,0.38837961668584314,0.2161970339701016,-0.2727745536872077,4.087858350350487,4.49188601939378,-242.1109210595389,0.20145632750209408,-25.856071928983507,196.31035662026684
3.6960804020100504,4.21608040201005,7.517587939698492,7.517587939698492,3.591075248634914,0.5795901309992608,-1.3149331403340412,-0.0349298928480526,2.3232283938872644,0.4921252330831021,0.6967221925431141,-0.8223015156457082,4.47393226659572,4.723933319194683,-77.14073745039477,-1.4931259103513952,-14.60297947392755,156.41378613690887
3.7211557788944725,4.231155778894472,7.565326633165829,7.565326633165829,7.266897514901979,0.3763472795893667,-0.8198588138338442,0.4566635069265815,2.699044797704211,-0.2752842224073886,1.5517085770719805,-0.2805371296353941,5.072394434907102,4.300768621841972,-248.04624284835145,-0.7794967280873222,-26.76387692998235,199.3771747100717
3.7462311557788945,4.2462311557788945,7.613065326633166,7.613065326633166,1.3946712418246032,0.591275703432239,-0.8891410468660146,0.28398409428657173,2.7764451084575006,-0.6197186545439539,-0.6493189965002628,-1.5352699586606111,2.535886487333548,4.594803719593134,38.41418748213451,-0.14246980517649765,-18.987091071577407,150.71593258789363
3.7713065326633166,4.261306532663316,7.660804020100502,7.660804020100502,3.1381911523322206,0.0850416132409682,-1.009232418619929,-0.39402841557904866,2.056003870924156,2.151251744488874,-1.3570505932188945,0.015504872124725308,5.094534369622101,4.454292171844905,-56.199011163203146,-0.8694071315587251,-18.171982409225958,159.9655982935801
3.7963819095477387,4.276381909547739,7.708542713567839,7.708542713567839,4.195827566829445,-0.9870188820535735,-1.3824334893620394,0.5721866596271548,2.1047915324501107,1.2827944863022698,0.24199203225031884,-1.7926968516511739,4.9517720155825184,5.629207586625931,-112.22998829215943,-1.9620896967849022,-17.08344151266483,168.70998690650734
3.8214572864321608,4.291457286432161,7.756281407035176,7.756281407035176,8.77212038944317,0.7403123009297073,-1.5746662226232517,-0.5748701230269121,1.7444770005709287,-0.17797471680378685,-0.23259944730120186,-0.19355974570344558,4.751030195307035,4.133285402451021,-328.89454843415365,-2.1029887328144,-25.153845256880455,230.51837529487753
3.846532663316583,4.306532663316583,7.8040201005025125,7.8040201005025125,1.53740208571143,1.305089823487126,-2.5735013962298505,0.06464157413815039,2.501716089142946,1.3475989621268551,0.41034322217274,0.6980099143839132,3.605038099479902,3.856661339582821,31.242196237535858,-1.5981243349386938,-18.7670639250962,156.83572668379955
3.871608040201005,4.321608040201005,7.851758793969849,7.851758793969849,8.801247902493156,0.4231822217842916,-1.313510019450179,0.035325450257736105,2.7646758824384348,1.3336550193081458,-0.4014634350368902,1.0922154454888418,4.422480798617263,6.29204494027463,-341.87026275608457,-2.7122506681635423,-25.422878220492095,234.00858150657612
3.896683417085427,4.3366834170854265,7.899497487437186,7.899497487437186,7.989643192208039,0.14352238335824655,-1.4883080902679258,0.24570685401284015,1.702032408817224,1.6215368719481054,-0.8119343230679332,1.7147401146783656,4.234362204494632,6.398309306439122,-309.68079368822583,-0.06678331450076291,-27.382589900989927,225.0162299603604
3.921758793969849,4.351758793969849,7.947236180904523,7.947236180904523,9.716242970779806,0.11667762805198244,-1.2240226822232894,-0.3300263790755441,2.3809366201668354,3.4053467714227357,0.06118898602840711,-1.5561068913753036,4.9381339308778065,6.314296938990263,-393.46361111786314,-1.1585925877285703,-12.025781413321553,254.53215670356505
3.946834170854271,4.366834170854271,7.994974874371859,7.994974874371859,3.677029833034604,0.11687290611259606,-2.004272954024552,0.014535418386641158,1.8341487228931088,1.210518474007339,0.9488795626092705,0.7594810473773509,2.563169951829875,5.496011593018772,-92.95150186233224,-1.2142688403250628,-16.14035658351338,175.32029908686536
3.9719095477386936,4.381909547738694,8.042713567839197,8.042713567839197,2.049397689077791,0.17680470414999777,-1.0815436613622351,-0.038971122034103134,1.9134205325713902,0.03949805204767509,-1.241129687799956,1.206914956760684,4.635347228723598,3.5087785301925707,2.115329847704124,-2.307300054320155,-18.54678006879283,168.70261429279017
3.9969849246231157,4.396984924623116,8.090452261306533,8.090452261306533,2.40570320334599,-0.4010093643734405,-2.26244032608286,0.5292295416710318,2.0911643797349613,1.4303205763878866,-2.756600773151278,0.9811965875124994,5.455521521239982,4.792084418420872,-23.587661543231214,-2.443124123811562,-15.981674270277493,172.28544455898975
4.022060301507538,4.4120603015075375,8.138190954773869,8.138190954773869,8.27862801421421,-0.10644722896010961,-2.7534112558146813,-0.3679111713369477,1.7984755917471473,0.8228340914793,-0.8611901744045107,-0.9290451608512751,4.113895120605469,5.832610417079468,-345.9285571875204,-1.1164577990573028,-26.327684467984863,237.39393601243944
4.047135678391959,4.427135678391959,8.185929648241206,8.185929648241206,9.652281485939154,-0.35411341382513406,-1.7442119596047583,0.06579377956212604,2.446656308502994,2.0939272974762524,-0.8569648813504489,0.4119585266405158,4.05507733924696,5.551795238333443,-419.5207121195764,-2.004700694309008,-15.880865296191047,262.4043790310936
4.072211055276382,4.442211055276381,8.233668341708542,8.233668341708542,6.988099983804235,0.26129958069388237,-2.5354680489640717,-0.10181068530536974,1.2512162634501611,1.8328267417786464,-0.5216874910214844,1.8604405537489934,5.733713999584393,5.780378163914932,-288.7284006693606,0.2844114961511695,-25.245617858957655,219.6816148673137
4.0972864321608045,4.457286432160804,8.281407035175878,8.281407035175878,4.8249704177382995,-0.01872057618543499,-3.0168739891215473,-0.6208118301301295,1.6514806062942557,2.0464669028711304,-0.6382312049753605,-1.4967214716559838,7.641992878356847,4.389016375132318,-169.6689671667409,-1.163670196577658,-19.830819431630143,196.1212039368426
4.122361809045226,4.472361809045227,8.329145728643216,8.329145728643216,2.8704976468113284,0.3701056619889825,-2.4153481910237056,1.3656827384777483,1.9395083227783358,1.2113508922868361,-0.9969716612552837,0.4768761642302732,5.6045692242430105,5.273663569955984,-54.32333232622227,-0.8658369642713635,-16.62628348418556,184.73235250952618
4.147437185929649,4.4874371859296485,8.376884422110553,8.376884422110553,8.336878843431597,0.028248420128750118,-2.1875889372929906,-0.008555206898718387,1.4768356173726238,2.2712738185701316,-0.18578165038655814,1.1125236908711351,5.656907658600163,4.93109838090757,-376.2494632811528,0.7997579286269378,-24.299824144705646,248.2619433359148
4.17251256281407,4.50251256281407,8.424623115577889,8.424623115577889,8.721795083994259,0.6020675939106195,-2.5328380826084738,-0.7168344318539533,2.179598401489009,1.427287945337821,-0.7706538539743386,-0.6963927658797827,5.045325144494819,4.381976554916131,-401.2290220369979,0.2696589395615998,-22.420537109583137,254.94326212607547
4.197587939698493,4.517587939698492,8.472361809045225,8.472361809045225,0.9213159180059161,0.20916695066771673,-2.492002904115451,0.7302605904901048,1.241857782975119,2.5355083888315177,0.6489132862705904,0.5832790561239275,5.49609172934733,2.251232803239585,77.58876224500716,1.722284984413273,-17.12231988978669,181.92817133773627
4.222663316582914,4.532663316582914,8.520100502512562,8.520100502512562,2.159494710197767,1.1914498644848666,-0.7727676683535298,-0.5098811982101314,2.0269278884039403,1.798704979946447,-0.6974112835549496,-1.0704846895236706,5.566114840482507,5.405122000696048,-6.544367773328465,-0.9546430200970236,-15.805436934644908,188.19791902997707
4.247738693467337,4.547738693467337,8.5678391959799,8.5678391959799,8.317610904578665,-0.8581804614455428,-2.501991578034538,0.2103226393373609,1.279234544913455,1.0635207927786254,-0.9173196902825318,-0.8120022588621538,4.065923140825688,3.9931553830556776,-395.0046092052415,0.02626784538917326,-23.62285746767272,253.76455956774197
4.2728140703517585,4.562814070351759,8.615577889447236,8.615577889447236,8.483038970794961,-0.2393583441274546,-2.230948397632717,0.455791199581392,1.9267702637713213,2.7634240049220655,-0.6727744535178575,-0.8168908855200264,5.374826662440632,4.175535882123105,-410.88922004748696,-1.3907674668041554,-24.63819294206236,258.9965558832138
4.297889447236181,4.577889447236181,8.663316582914572,8.663316582914572,3.1465299876399735,0.5291434458243576,-4.072665024645408,-0.30034222232263813,2.2534557560753687,1.6425357101237736,2.01100509823221,0.19271115644983178,5.915518395725569,2.9795194676407633,-75.45922904677025,-0.4827371627790208,-12.262345649950351,200.37414535536095
4.322964824120603,4.592964824120603,8.71105527638191,8.71105527638191,2.792945968468563,1.3370628534032032,-2.978564838221297,-0.19206171605677075,3.1012254677145528,3.876995923708959,0.6159388203077698,-0.09060806727256017,4.277833051710388,6.5166454249505525,-51.19713323072819,-1.697914204504121,-12.625436599548989,198.1257542364429
4.348040201005025,4.608040201005025,8.758793969849245,8.758793969849245,4.3081502201846,-0.056717388857731255,-2.8536355154017423,-0.24723165875856315,2.538283905447728,2.96131236298257,1.276880322557865,0.9544933318734644,5.373610524029942,6.648682015478871,-157.88103044535924,-1.238635322300242,-11.775740132440589,212.501185098123
4.373115577889447,4.623115577889447,8.806532663316583,8.806532663316583,5.394465002646668,0.08433449658919455,-3.5005373299205096,-0.04224647221724137,2.8081096057311217,3.0720586400473144,-0.3194116670857173,-0.9399458322344842,6.256646567874123,4.10760811482651,-234.80783962538047,-0.34678989182199366,-15.165292862037326,225.8866600124921
4.398190954773869,4.638190954773869,8.854271356783919,8.854271356783919,0.9556681500661357,-0.05555712125680183,-3.8317476415744665,-0.789255830314828,2.0334963827227273,2.7924515803746197,1.3491643242984033,-0.1310617148612579,5.717952130826199,1.9538459116324283,82.58369714083669,0.9671501884325046,-13.459110535456311,197.49035167396775
4.423266331658292,4.653266331658291,8.902010050251256,8.902010050251256,8.36912138713615,0.718628556293797,-3.2686015393667818,-0.5962929019179648,3.057398560908533,2.719264215682881,-0.058239487552678326,0.9612378654184937,4.977312251138678,4.416545732431011,-434.0824900713049,-0.5023612115482059,-19.574130562206616,270.84620635539505
4.4483417085427135,4.668341708542713,8.949748743718592,8.949748743718592,5.34734870351321,-0.09525393173800856,-3.694725027252048,-0.049307447212402766,1.8789207694948933,0.4801839000235426,-1.5007414141793518,0.561074371483542,7.06544098966379,4.25399011105054,-238.8702078685471,0.5184807501643487,-13.129411237951393,230.3759154732051
4.473417085427136,4.683417085427136,8.99748743718593,8.99748743718593,7.7496781504092365,0.3841349199390596,-3.9021102521659077,0.5401316856429962,1.8734699703159705,4.178073690637333,1.6815328468036308,-1.3244612126133803,6.031474846375632,4.654861427194658,-404.355458211905,-1.272395052698566,-20.76413462834816,263.3777444176646
4.498492462311558,4.698492462311558,9.045226130653266,9.045226130653266,2.3083626557632684,-0.11990079944933646,-3.095373839181045,0.33610684402882496,1.3585451176478807,2.2317686568831268,-0.5106905981143219,0.6654564950838214,4.730675062321143,4.73447616284035,-20.154922595207154,-0.7429530593431314,-9.117449325956287,212.14141302165103
4.52356783919598,4.71356783919598,9.092964824120603,9.092964824120603,9.652933511063658,-0.6001793776229924,-3.06412627664572,0.8845316644406662,2.110729439458939,4.092476094394984,1.7533382857805075,-0.47832527134814895,3.0305475834146294,4.247356960748263,-540.965574824278,-2.6025057048768017,-4.761537095810659,301.2965228728899
4.548643216080402,4.7286432160804015,9.140703517587939,9.140703517587939,7.510273073183793,0.18917386023171873,-3.639096026033081,0.36644614234386985,2.526420064197277,2.588993295492352,2.059639188787415,0.38555889554594314,4.6726508983711135,4.987329438818676,-404.6392200657233,1.6504788770236685,-16.509564791613013,266.31928428421736
4.573718592964824,4.743718592964823,9.188442211055277,9.188442211055277,3.4309386439196143,0.2804924067176632,-4.0725694587075045,-0.23653877100794102,1.682706381447924,3.176423088668449,1.1524818091720175,0.3009332845458735,5.13148285392287,5.002655578366834,-108.47640502420208,-1.2282105574324795,-3.702354599286282,223.4702067105287
4.598793969849246,4.758793969849246,9.236180904522612,9.236180904522612,9.485276469599548,0.6722129412661352,-3.6396912332045046,-0.042781790919153684,1.8143492758301363,3.188161370679919,-0.7877287907949182,1.2194084358567017,4.618460930066991,5.624795635012621,-547.8067178865219,-0.9170921879857734,-3.5894166203815727,303.53789959459897
4.6238693467336685,4.773869346733669,9.28391959798995,9.28391959798995,7.005117789662728,-0.0327235132086573,-3.5297831027793056,-0.9969344010196486,1.7678921600791626,2.467413701584035,-0.31312636056560417,0.1167333769752296,5.024488007867174,5.418544724542821,-380.0776988673787,0.5569767472681055,-13.646028655751584,265.070595108766
4.64894472361809,4.788944723618091,9.331658291457286,9.331658291457286,8.40561085486237,-0.2890810318561764,-3.672896290805058,-0.46249462376600736,1.8339520281760708,3.428513673209148,-0.3389028354391228,-1.8536877853808251,6.637788475275168,4.594752308544412,-487.00853451494834,-2.171439767462874,-11.637148895096226,289.119160077164
4.674020100502513,4.8040201005025125,9.379396984924623,9.379396984924623,0.45497305855868864,0.29828054830951284,-4.7544947096059245,-0.49264824265713136,1.7044996862581767,4.171638719464408,1.1793667846557923,-1.3697554014120326,5.24535251921608,3.1447998332452345,136.3893057783175,-0.5118602842903079,-1.1758281999009226,221.8404799341332
4.699095477386935,4.819095477386934,9.42713567839196,9.42713567839196,0.5564154105168817,0.13476854611886807,-4.232194943356031,0.15247430722410493,1.3246840307546983,3.376940140512954,-1.08969781831486,0.7312582053376526,5.851511619738694,4.164881860640913,128.4393423559522,0.8075422983761398,0.4283255273199644,223.10403424427264
4.724170854271357,4.834170854271356,9.474874371859297,9.474874371859297,7.427372735496288,0.1524325385613233,-3.9146263634725535,0.34074625079948473,2.690199935690499,2.6236169674547174,-0.9408622513076464,-0.2581797164709971,3.6249499003667425,3.7864550321104824,-432.4606226058213,1.918039117036177,-9.45080055904656,280.6909930964241
4.749246231155779,4.849246231155779,9.522613065326633,9.522613065326633,3.0468643294839204,-0.026556351873640874,-3.8095960285111348,-0.2636942098414462,1.0138507991532975,3.411822700595856,0.04100488246283196,1.1381578140388635,5.004854741940082,5.484362897478462,-84.85466703604303,-2.0739049360108264,4.092834996559096,236.3245746756231
4.774321608040201,4.864321608040201,9.57035175879397,9.57035175879397,5.167843658432453,0.5882692849968837,-3.662215385351362,-0.2780899378730969,1.5361972180162675,4.332949560056466,-1.6593473511556731,0.2736166970524023,6.331106763982925,4.4313598881719525,-263.0797873981286,-0.20365029466519313,1.593339797129467,256.8208328733424
4.799396984924623,4.8793969849246235,9.618090452261306,9.618090452261306,1.5626242367127352,0.19114635818786116,-3.7805971208839937,-0.757441603675319,2.1716195515190266,5.329184354789841,1.05742259847439,-0.748943905393921,4.088015338662033,5.058611184561204,42.70152514856645,0.047837689903321136,2.9274348830044485,234.22748559809338
4.824472361809045,4.894472361809045,9.665829145728644,9.665829145728644,9.779524096569848,0.9572293541704898,-4.739290691172063,-0.048362379776495774,2.505539762271738,5.117532300500897,0.16965899643146043,1.0824677971401397,6.934701613147732,3.4783365915080715,-632.2630519214241,-2.5131664560477365,11.924332867936432,330.99604907228445
4.849547738693468,4.909547738693467,9.71356783919598,9.71356783919598,5.027510476744195,0.559128349280251,-4.5332704466072755,0.1392917557722981,1.8954681231453223,4.669354100834999,-0.6300994542887294,-0.8072392494127624,3.7247903133377402,5.295246747056709,-260.49951575574556,-1.2506810157013741,6.491513765271909,261.86168320051456
4.874623115577889,4.924623115577889,9.761306532663315,9.761306532663315,8.290010784747254,0.3320248980501028,-4.792697742898924,0.23779391563990562,1.8581546157398372,3.487472310465381,-1.7529792882923578,-2.0525461415901116,4.342890061909635,4.6112905279068315,-530.9959628411198,-0.6722740199056783,0.5710219872557839,305.6400961738069
4.899698492462312,4.939698492462311,9.809045226130653,9.809045226130653,0.740377962799964,-0.8121191703081324,-3.277087065718443,-0.37674893725048875,2.0245248744894138,5.491832272040568,-0.25406191912221554,2.063871972728749,6.142388100690221,4.735624888791325,123.00245066642955,0.8791546512352999,10.856803465029403,241.26881610440026
4.924773869346733,4.954773869346734,9.856783919597989,9.856783919597989,4.789154522178381,0.30205964014781594,-4.081315710200232,1.008558882942678,1.869139051414852,4.711783785470947,-2.270917873714435,-1.910607813443363,2.8154263231127126,4.713523321288892,-247.09959745432064,-0.10369116461697009,12.35960070115274,265.610049041964
4.949849246231156,4.969849246231156,9.904522613065327,9.904522613065327,0.6227948040577591,0.21054110182352884,-3.881930293998761,0.6115578396651591,2.4381744274538746,4.550977584518074,-2.267238765696,0.636479140404234,5.351784709067071,2.5295248890766997,134.4691977103914,2.581708672927935,15.369232919025784,246.74266553652532
4.974924623115578,4.984924623115578,9.952261306532662,9.952261306532662,8.842414310877372,0.4055758364017741,-3.623739719031713,-0.03386946604054852,1.7583716170044597,5.80521220275432,-0.12997711906408438,0.9389187649406849,3.7252224850519893,6.051587128578247,-598.3685072317484,-0.73982778259264,10.46132122873803,325.9026204985032
5.0,5.0,10.0,10.0,4.458101787129588,0.5222210473536294,-4.281210675681822,-0.25011799566880905,1.5071091779999335,5.617844750839278,1.148684062329675,0.14719053186727413,3.826606327930696,3.938156487366004,-226.50748398183856,0.3924732509311637,18.002545316647453,270.7374884379434
